{
  "parentCanonicalName": null,
  "files": {
    "OafIpc.dll": {
      "sha256": "33b6ffde2536fbfb25d842930660369730dfdebc2baaaff9933193af5297b9e0",
      "size": 483384,
      "segmentSize": 10000000,
      "segments": [
        [
          28785297808378,
          "33b6ffde2536fbfb25d842930660369730dfdebc2baaaff9933193af5297b9e0",
          230207
        ]
      ]
    },
    "Newtonsoft.Json.dll": {
      "sha256": "2ece70a1f89f84ee4041c293ecc67f9c948286f0da9700d6d1860cfcb5d5ee94",
      "size": 538168,
      "segmentSize": 10000000,
      "segments": [
        [
          169236252938378,
          "2ece70a1f89f84ee4041c293ecc67f9c948286f0da9700d6d1860cfcb5d5ee94",
          209168
        ]
      ]
    },
    "IconExtractor.dll": {
      "sha256": "7e8adc7532fd1ea8c7da70cfbdbd1c092fb6c08dc99d32646c5fb80dfebf511e",
      "size": 23096,
      "segmentSize": 10000000,
      "segments": [
        [
          78744837994772,
          "7e8adc7532fd1ea8c7da70cfbdbd1c092fb6c08dc99d32646c5fb80dfebf511e",
          13696
        ]
      ]
    },
    "Daybreak.dll": {
      "sha256": "86efc9b728178ca39d95717c2a6b9a19cd6af040141fac04af085613bf17231a",
      "size": 301624,
      "segmentSize": 10000000,
      "segments": [
        [
          146038184266150,
          "86efc9b728178ca39d95717c2a6b9a19cd6af040141fac04af085613bf17231a",
          134175
        ]
      ]
    },
    "CommandLine.dll": {
      "sha256": "5fb6944829cfdb3615920f8b974dfeb6dad4e918af5118a84c44639d89b00f7f",
      "size": 196664,
      "segmentSize": 10000000,
      "segments": [
        [
          7459043944353,
          "5fb6944829cfdb3615920f8b974dfeb6dad4e918af5118a84c44639d89b00f7f",
          83152
        ]
      ]
    },
    "OVRRedistributableInstaller.exe": {
      "sha256": "912251d0ea83687c1faf8c478f876a658bc9a13d346c33addfe5952b152cefab",
      "size": 139320,
      "segmentSize": 10000000,
      "segments": [
        [
          252277450343563,
          "912251d0ea83687c1faf8c478f876a658bc9a13d346c33addfe5952b152cefab",
          21289
        ]
      ]
    },
    "ColorThief.dll": {
      "sha256": "0302d10a7e59829cf7904d8cdd383aa307a09e4291e99a2180e9f6a89748df5e",
      "size": 30776,
      "segmentSize": 10000000,
      "segments": [
        [
          149451576342322,
          "0302d10a7e59829cf7904d8cdd383aa307a09e4291e99a2180e9f6a89748df5e",
          17800
        ]
      ]
    }
  },
  "dlcs": {},
  "assetFiles": {},
  "packageType": "CORE_APP",
  "isCore": true,
  "appId": "1190954377597673",
  "canonicalName": "oculus-redistributable-installer",
  "launchFile": "OVRRedistributableInstaller.exe",
  "launchParameters": "",
  "launchFile2D": null,
  "launchParameters2D": null,
  "version": "62.0.0.235.346",
  "versionCode": 1706647576,
  "redistributables": [],
  "firewallExceptionsRequired": false,
  "thirdParty": false,
  "manifestVersion": 1
}