{
  "parentCanonicalName": null,
  "files": {
    "version.txt": {
      "sha256": "3b5a42dc4207e49c9d5cd6948aa44024680410829ac43ca49f2b054ee8972f1b",
      "size": 14,
      "segmentSize": 10000000,
      "segments": [
        [
          84993376901,
          "3b5a42dc4207e49c9d5cd6948aa44024680410829ac43ca49f2b054ee8972f1b",
          20
        ]
      ]
    },
    "Newtonsoft.Json.dll": {
      "sha256": "d803e96301de78233795fb930704ec4171dc1c47682729b1148de82bcf083f15",
      "size": 538168,
      "segmentSize": 10000000,
      "segments": [
        [
          2970418501850,
          "d803e96301de78233795fb930704ec4171dc1c47682729b1148de82bcf083f15",
          209167
        ]
      ]
    },
    "Daybreak.dll": {
      "sha256": "d68d0fc704e0fb2b5700d624bd1ace863319bb47ca54197cacba7e109b4f767d",
      "size": 301624,
      "segmentSize": 10000000,
      "segments": [
        [
          231612186409720,
          "d68d0fc704e0fb2b5700d624bd1ace863319bb47ca54197cacba7e109b4f767d",
          134164
        ]
      ]
    },
    "oculus-driver.exe": {
      "sha256": "d112c6222f3171ae15937afc8dd056b76ac3b2f471becad7815ec5e52dc96218",
      "size": 37836856,
      "segmentSize": 10000000,
      "segments": [
        [
          30263248251913,
          "7b3602971371e72f9cf51e4cbe3ea08f8200d3eddac161fcaddf413456344105",
          6050604
        ],
        [
          12128958847127,
          "628a425c40c2c8cb8647dc9923464bab578587884e76feb78cce5b597fb3ace4",
          4757237
        ],
        [
          199259895941306,
          "cf81da1cc96aa8d1764ad10f5e906f4b6955c3bf86d92cc5fffb96b99c2897af",
          8020805
        ],
        [
          271885811310817,
          "151529ae6efd75a3f1120a6478cb797cca8740212e96c989e6020eb032db22fe",
          2830386
        ]
      ]
    }
  },
  "dlcs": {},
  "assetFiles": {},
  "packageType": "CORE_APP",
  "isCore": true,
  "appId": "670216293113998",
  "canonicalName": "oculus-drivers",
  "launchFile": "oculus-driver.exe",
  "launchParameters": "",
  "launchFile2D": null,
  "launchParameters2D": null,
  "version": "62.0.0.235.346",
  "versionCode": 1706647575,
  "redistributables": [],
  "firewallExceptionsRequired": false,
  "thirdParty": false,
  "manifestVersion": 1
}