{
  "parentCanonicalName": null,
  "files": {
    "oculus-platform-runtime.exe": {
      "sha256": "3757ec15f26c2ce7d22ab61dbb87e38ebff261389bf199e8b5a29f90dba89460",
      "size": 11806776,
      "segmentSize": 10000000,
      "segments": [
        [
          228988854664145,
          "648429ca776c4f19c484ac4be6fa938ff6a6dc184aa42694000c3058b8eaab01",
          4757916
        ],
        [
          124803191748690,
          "7b97613ea4112dea11a53c883b6837103ecce6f6ede9aa2a84ca417e2792b031",
          1282572
        ]
      ]
    },
    "FBCapture.dll": {
      "sha256": "e03d032536ae113de9b250a56f4079ded84db637f4b151c0bca3c9b2a5c2fa68",
      "size": 3994168,
      "segmentSize": 10000000,
      "segments": [
        [
          131687949438964,
          "e03d032536ae113de9b250a56f4079ded84db637f4b151c0bca3c9b2a5c2fa68",
          1471192
        ]
      ]
    }
  },
  "dlcs": {},
  "assetFiles": {},
  "packageType": "CORE_APP",
  "isCore": true,
  "appId": "1577286108957239",
  "canonicalName": "oculus-platform-runtime",
  "launchFile": "oculus-platform-runtime.exe",
  "launchParameters": "",
  "launchFile2D": null,
  "launchParameters2D": null,
  "version": "62.0.0.235.346",
  "versionCode": 1706647556,
  "redistributables": [],
  "firewallExceptionsRequired": false,
  "thirdParty": false,
  "manifestVersion": 1
}