{
  "parentCanonicalName": null,
  "files": {
    "EOL.txt": {
      "sha256": "91429a4b25a797f44ea4beadb1592385f40ea4b357914a18efeba7a3a7bcb924",
      "size": 23,
      "segmentSize": 10000000,
      "segments": [
        [
          429966493514,
          "91429a4b25a797f44ea4beadb1592385f40ea4b357914a18efeba7a3a7bcb924",
          31
        ]
      ]
    }
  },
  "dlcs": {},
  "assetFiles": {},
  "packageType": "CORE_APP",
  "isCore": true,
  "appId": "1112064135564993",
  "canonicalName": "oculus-worlds",
  "launchFile": "EOL.txt",
  "launchParameters": "",
  "launchFile2D": null,
  "launchParameters2D": null,
  "version": "33.0.0.0.0",
  "versionCode": 1674617924,
  "redistributables": [],
  "firewallExceptionsRequired": false,
  "thirdParty": false,
  "manifestVersion": 1
}