{
  "parentCanonicalName": null,
  "files": {
    "Fixer.exe": {
      "sha256": "947c1fcfd8e0adcf851f72f7406f5de7d42b6ebedb4442240fe7eda1e0104ab6",
      "size": 391224,
      "segmentSize": 10000000,
      "segments": [
        [
          48823858534181,
          "947c1fcfd8e0adcf851f72f7406f5de7d42b6ebedb4442240fe7eda1e0104ab6",
          130777
        ]
      ]
    },
    "Newtonsoft.Json.dll": {
      "sha256": "6fd7969a29e1a5f219a28dd7ece378d22455863856f96b996d3b92ef5052f0ca",
      "size": 538168,
      "segmentSize": 10000000,
      "segments": [
        [
          47706630081396,
          "6fd7969a29e1a5f219a28dd7ece378d22455863856f96b996d3b92ef5052f0ca",
          209169
        ]
      ]
    },
    "ETW\\ovrlog_win10.cmd": {
      "sha256": "ea311da67462f6cff9922b85e49a4990fb25d82478236355517afb6e9e265f62",
      "size": 17399,
      "segmentSize": 10000000,
      "segments": [
        [
          221600147569260,
          "ea311da67462f6cff9922b85e49a4990fb25d82478236355517afb6e9e265f62",
          5514
        ]
      ]
    },
    "OafIpc.dll": {
      "sha256": "26cafaad68adebca92b6dc2f191ec79892f44d983ea9a7281de81f5725162521",
      "size": 371256,
      "segmentSize": 10000000,
      "segments": [
        [
          23862724309326,
          "26cafaad68adebca92b6dc2f191ec79892f44d983ea9a7281de81f5725162521",
          193534
        ]
      ]
    },
    "CameraCalibrationTool\\Assets\\Tuscany.xml": {
      "sha256": "df3d28d6f83167b209ee96c591817e8c2689d28f7244ff5f7c3b4a7d656a4762",
      "size": 14786349,
      "segmentSize": 10000000,
      "segments": [
        [
          131863416957830,
          "9e13ef334c6bc857a4d52fe56405904fee4bb49d85a2c91465f24fb59bb47a05",
          2761662
        ],
        [
          256453067501099,
          "47d06c581c64cefd8f528eed8b7abbc7d756c37acdc4a01ece3737ed85245824",
          943760
        ]
      ]
    },
    "ETW\\OVRUSBVidEvents.man": {
      "sha256": "4383a1859c360fc416cc789f9eb588276be4358cc2b43fe79c2b4f43db1a3044",
      "size": 10724,
      "segmentSize": 10000000,
      "segments": [
        [
          210846253630618,
          "4383a1859c360fc416cc789f9eb588276be4358cc2b43fe79c2b4f43db1a3044",
          1461
        ]
      ]
    },
    "ETW\\IHVETW\\README.txt": {
      "sha256": "56ed766268a88c84df1a3475e56fc6d790c799eb06daae9f5c4eca50ccc314fb",
      "size": 1781,
      "segmentSize": 10000000,
      "segments": [
        [
          95012713029421,
          "56ed766268a88c84df1a3475e56fc6d790c799eb06daae9f5c4eca50ccc314fb",
          812
        ]
      ]
    },
    "ETW\\IHVETW\\DirectModeETW.man": {
      "sha256": "9d6f61fbe2509783f9ed9c424e3d18d436723ddc6006e810c567f59009e18369",
      "size": 9832,
      "segmentSize": 10000000,
      "segments": [
        [
          128962450392324,
          "9d6f61fbe2509783f9ed9c424e3d18d436723ddc6006e810c567f59009e18369",
          1570
        ]
      ]
    },
    "CameraCalibrationTool\\opencv_world455.dll": {
      "sha256": "d29ff74e9d2c7de6e5677a4c4aabae408ff9a244d6a670dfe0c390a2191cce38",
      "size": 63754296,
      "segmentSize": 10000000,
      "segments": [
        [
          36452024906823,
          "bf9b25a4c10dbfaae615c3314d11e80dcb7c1d4642e936adc6aaa21048829c0a",
          3755313
        ],
        [
          55202211604568,
          "1a7c3c1197d45c6f063c2819ab55e2af3ea0c10a339226c03d4a9fd7d3a5feb8",
          4395124
        ],
        [
          120244343892048,
          "599748a9e63ed142428f0c459686fe570a58259d89e827c7b52605f4151b2194",
          4386693
        ],
        [
          197790802768015,
          "7b7c3ee6c43752937890c89ac4ebb1896eed4cf66cb29a1309a3ff523aacba0a",
          3628075
        ],
        [
          252525628121091,
          "ab99a4743ac04e91d058f05f53cd9fe3f15f36dc997d9832747220ea914843c2",
          3007339
        ],
        [
          166496249673089,
          "1f7d9f4e6cf57497e6a5da7cc62016f40d95d5c56c02b2e4efb42c9056056afb",
          2510082
        ],
        [
          18161585783655,
          "c98d263efe78d214fbff1949322d7f009f60259f0b6db7f21f8262ef3cd0ca71",
          1289589
        ]
      ]
    },
    "ETW\\IHVETW\\setup.bat": {
      "sha256": "0cd3f45b75b7bdf1efca5ad5a75638dcbf21317db095646a876579a75bdab8f7",
      "size": 503,
      "segmentSize": 10000000,
      "segments": [
        [
          191176309256754,
          "0cd3f45b75b7bdf1efca5ad5a75638dcbf21317db095646a876579a75bdab8f7",
          214
        ]
      ]
    },
    "ETW\\IHVETW\\DirectModeETW.dll": {
      "sha256": "9b367806d8cc24d51af869ab8d045839030ad458d3dc575b572dd1dc71610536",
      "size": 9728,
      "segmentSize": 10000000,
      "segments": [
        [
          266381740454361,
          "9b367806d8cc24d51af869ab8d045839030ad458d3dc575b572dd1dc71610536",
          2021
        ]
      ]
    },
    "OculusVRCValidator.exe": {
      "sha256": "8b418cbda838e296ffcf45f8ea8da9bd26e750109af5de3b10f3001bdcdd6ecb",
      "size": 1531448,
      "segmentSize": 10000000,
      "segments": [
        [
          83180831531469,
          "8b418cbda838e296ffcf45f8ea8da9bd26e750109af5de3b10f3001bdcdd6ecb",
          626085
        ]
      ]
    },
    "OculusMirror.exe": {
      "sha256": "084e8b7cf4435b07d302686c5b685887ba65c21e4551dbf1a3b642998b49148d",
      "size": 563768,
      "segmentSize": 10000000,
      "segments": [
        [
          185253296890064,
          "084e8b7cf4435b07d302686c5b685887ba65c21e4551dbf1a3b642998b49148d",
          274058
        ]
      ]
    },
    "ETW\\ovrlog.cmd": {
      "sha256": "85199e0789b78feaf4c2688ea34d671ecf4b687dc33bbe91e724e83fc42a4144",
      "size": 19932,
      "segmentSize": 10000000,
      "segments": [
        [
          30123425704444,
          "85199e0789b78feaf4c2688ea34d671ecf4b687dc33bbe91e724e83fc42a4144",
          4976
        ]
      ]
    },
    "ETW\\IHVETW\\install_ihv_manifests.cmd": {
      "sha256": "bd80a1c6a3c0298311f7b71505e60a9a9426b6a66b8b7269566bda083c238fb0",
      "size": 2351,
      "segmentSize": 10000000,
      "segments": [
        [
          249029804099502,
          "bd80a1c6a3c0298311f7b71505e60a9a9426b6a66b8b7269566bda083c238fb0",
          1018
        ]
      ]
    },
    "OculusDebugTool.exe": {
      "sha256": "fad7a5786dcc7da4fe3796bb43294a35aac01ada7055f5feb03802d184f467e7",
      "size": 9031736,
      "segmentSize": 10000000,
      "segments": [
        [
          196027770771612,
          "fad7a5786dcc7da4fe3796bb43294a35aac01ada7055f5feb03802d184f467e7",
          3570063
        ]
      ]
    },
    "Daybreak.dll": {
      "sha256": "d4c1ca02b22be989cc58396e019ceb7401d1c2b4a0559c549b2af759af64a2bb",
      "size": 301624,
      "segmentSize": 10000000,
      "segments": [
        [
          159864959059673,
          "d4c1ca02b22be989cc58396e019ceb7401d1c2b4a0559c549b2af759af64a2bb",
          134164
        ]
      ]
    },
    "OculusLogGatherer.exe": {
      "sha256": "4df75d02779149c961f5398e28f2273682a80190879e26d86d0a501df1e5f513",
      "size": 467000,
      "segmentSize": 10000000,
      "segments": [
        [
          187089006618307,
          "4df75d02779149c961f5398e28f2273682a80190879e26d86d0a501df1e5f513",
          60283
        ]
      ]
    },
    "ETW\\EventsForStackTrace.txt": {
      "sha256": "0aa3b2c8348ecbb10b7ee6044827def176316ada7dbe3425826eed3fbf0ad055",
      "size": 30,
      "segmentSize": 10000000,
      "segments": [
        [
          737375423197,
          "0aa3b2c8348ecbb10b7ee6044827def176316ada7dbe3425826eed3fbf0ad055",
          38
        ]
      ]
    },
    "OculusDebugToolCLI.exe": {
      "sha256": "f408d386c4016c872b7d64e6c09201336bb0185267dd187eceb6c14d15f61bf8",
      "size": 1151544,
      "segmentSize": 10000000,
      "segments": [
        [
          112206878089145,
          "f408d386c4016c872b7d64e6c09201336bb0185267dd187eceb6c14d15f61bf8",
          491467
        ]
      ]
    },
    "CommandLine.dll": {
      "sha256": "ed0bdbbbef7fa741b6c648f2432fc3849de47faaacff636471fbf9a80ea61306",
      "size": 196664,
      "segmentSize": 10000000,
      "segments": [
        [
          191313356660937,
          "ed0bdbbbef7fa741b6c648f2432fc3849de47faaacff636471fbf9a80ea61306",
          83150
        ]
      ]
    },
    "CameraCalibrationTool\\Assets\\in_VID5.xml": {
      "sha256": "2e535849a24046b391562adcbce11ab37cfd33fdf5856050281428808543ceca",
      "size": 2985,
      "segmentSize": 10000000,
      "segments": [
        [
          147531204125449,
          "2e535849a24046b391562adcbce11ab37cfd33fdf5856050281428808543ceca",
          1073
        ]
      ]
    },
    "CameraCalibrationTool\\Assets\\pattern.png": {
      "sha256": "429db0b1803258c4ff58e1476e151bcb4647fa3b7f24f8d964cb166b698794b9",
      "size": 22255,
      "segmentSize": 10000000,
      "segments": [
        [
          240362461340003,
          "429db0b1803258c4ff58e1476e151bcb4647fa3b7f24f8d964cb166b698794b9",
          10932
        ]
      ]
    },
    "CameraCalibrationTool\\Assets\\LeftController.xml": {
      "sha256": "f27e3e97dd71d43754163f1d9d1b178566e227417e15fdc229570ffb674dfdd9",
      "size": 3307068,
      "segmentSize": 10000000,
      "segments": [
        [
          1217616499259,
          "f27e3e97dd71d43754163f1d9d1b178566e227417e15fdc229570ffb674dfdd9",
          904907
        ]
      ]
    },
    "ETW\\install.cmd": {
      "sha256": "34e0d33611c38981d5e15f63a011a66c6c46f5494d5d541049050ebfe4787a4b",
      "size": 4812,
      "segmentSize": 10000000,
      "segments": [
        [
          104797756063953,
          "34e0d33611c38981d5e15f63a011a66c6c46f5494d5d541049050ebfe4787a4b",
          1728
        ]
      ]
    },
    "ETW\\OculusVadApoEvent.man": {
      "sha256": "11cfa8b69298d6ab3afefdea069af06653d1a65a023d1f5bf0615cdc573b580f",
      "size": 2015,
      "segmentSize": 10000000,
      "segments": [
        [
          76975326792434,
          "11cfa8b69298d6ab3afefdea069af06653d1a65a023d1f5bf0615cdc573b580f",
          721
        ]
      ]
    },
    "CameraCalibrationTool\\third_party_notices.txt": {
      "sha256": "4de1ff4af420fb7fbf93e6222d5420ed5252b5adc795afe8877fe7543ab69486",
      "size": 5411,
      "segmentSize": 10000000,
      "segments": [
        [
          205473316269465,
          "4de1ff4af420fb7fbf93e6222d5420ed5252b5adc795afe8877fe7543ab69486",
          2043
        ]
      ]
    },
    "CameraCalibrationTool\\CameraTool.exe": {
      "sha256": "4659ae844e5022d5cb9c67dc76431d6c366d069acf5769bea7b49f5357880c7a",
      "size": 1494072,
      "segmentSize": 10000000,
      "segments": [
        [
          16628748003774,
          "4659ae844e5022d5cb9c67dc76431d6c366d069acf5769bea7b49f5357880c7a",
          642593
        ]
      ]
    },
    "CameraCalibrationTool\\d3dcompiler_47.dll": {
      "sha256": "63b7c4d55d5a8c827c27aa2d67f5accd4ce7c5a0f0ec5699651aa1a719ad64c2",
      "size": 4170296,
      "segmentSize": 10000000,
      "segments": [
        [
          274468745948003,
          "63b7c4d55d5a8c827c27aa2d67f5accd4ce7c5a0f0ec5699651aa1a719ad64c2",
          1754647
        ]
      ]
    },
    "ETW\\LibOVREvents.man": {
      "sha256": "2aa801464c51ed1d11a8bf157f0bfcdb7a54a9ac4e44c2efba15e9b333b42714",
      "size": 49663,
      "segmentSize": 10000000,
      "segments": [
        [
          70600861028310,
          "2aa801464c51ed1d11a8bf157f0bfcdb7a54a9ac4e44c2efba15e9b333b42714",
          5570
        ]
      ]
    }
  },
  "dlcs": {},
  "assetFiles": {},
  "packageType": "CORE_APP",
  "isCore": true,
  "appId": "827064807402789",
  "canonicalName": "oculus-diagnostics",
  "launchFile": "OculusDebugTool.exe",
  "launchParameters": "",
  "launchFile2D": null,
  "launchParameters2D": null,
  "version": "62.0.0.235.346",
  "versionCode": 1706647600,
  "redistributables": [],
  "firewallExceptionsRequired": false,
  "thirdParty": false,
  "manifestVersion": 1
}