{
  "parentCanonicalName": null,
  "files": {
    "Compatibility.json": {
      "sha256": "6d3eacb59ff4a7e630070e09b1b7ac2091b8ccfe464299b0a90d33e9ac36cbae",
      "size": 103679,
      "segmentSize": 10000000,
      "segments": [
        [
          51664318647748,
          "6d3eacb59ff4a7e630070e09b1b7ac2091b8ccfe464299b0a90d33e9ac36cbae",
          6916
        ]
      ]
    },
    "translations\\es_LA.json": {
      "sha256": "f408e657d2924c1f335c65abf171782463d1e6b4d43a2cfb3207eb2c3486bba8",
      "size": 26097,
      "segmentSize": 10000000,
      "segments": [
        [
          102515435851290,
          "f408e657d2924c1f335c65abf171782463d1e6b4d43a2cfb3207eb2c3486bba8",
          5909
        ]
      ]
    },
    "THIRD_PARTY_NOTICES.txt": {
      "sha256": "b178322eef8f4c0f388bb7f267ab43ee3733585ccb72a094d3e72d5805ea42f7",
      "size": 179304,
      "segmentSize": 10000000,
      "segments": [
        [
          220611883416987,
          "b178322eef8f4c0f388bb7f267ab43ee3733585ccb72a094d3e72d5805ea42f7",
          35190
        ]
      ]
    },
    "OvrAvatarAssets.zip": {
      "sha256": "f10ce4363df4fa2ef0aab9a968e51375881d753af96dd2a3274c7f11a336a751",
      "size": 12816127,
      "segmentSize": 10000000,
      "segments": [
        [
          116292895500031,
          "cda81174a6ef0ca958b701adc720cf39c269f3ed697a1bbd173cd320602c7c95",
          9763248
        ],
        [
          268145402110246,
          "27ea69deb641ec13f746b7a5d38ce7575f89ec54e916eab9b141e7ef27d22428",
          2756486
        ]
      ]
    },
    "translations\\ko_KR.json": {
      "sha256": "8bbd7ebc170350ff085ae6eddd4df0c6714d89783e5994d727457b66a3e72929",
      "size": 30945,
      "segmentSize": 10000000,
      "segments": [
        [
          177126416856022,
          "8bbd7ebc170350ff085ae6eddd4df0c6714d89783e5994d727457b66a3e72929",
          6325
        ]
      ]
    },
    "LibOVRPlatform32.dll": {
      "sha256": "11735c23afe5dac9ced0bfab89d960d6b1bf62cf0f9cb1b2cc4ce9e2c037ef6b",
      "size": 1839528,
      "segmentSize": 10000000,
      "segments": [
        [
          92249344180504,
          "11735c23afe5dac9ced0bfab89d960d6b1bf62cf0f9cb1b2cc4ce9e2c037ef6b",
          905829
        ]
      ]
    },
    "translations\\cs_CZ.json": {
      "sha256": "b9fa66564cd8a3bcd92119683dc90b78ab6e68cee0cf742e54a7d6c9443af33e",
      "size": 27967,
      "segmentSize": 10000000,
      "segments": [
        [
          246840698421065,
          "b9fa66564cd8a3bcd92119683dc90b78ab6e68cee0cf742e54a7d6c9443af33e",
          6401
        ]
      ]
    },
    "translations\\da_DK.json": {
      "sha256": "9d9bdff97932eae3898cc68cfe8f0d47d84800242f547cc0c45c02727430a26f",
      "size": 24642,
      "segmentSize": 10000000,
      "segments": [
        [
          186405357707823,
          "9d9bdff97932eae3898cc68cfe8f0d47d84800242f547cc0c45c02727430a26f",
          5894
        ]
      ]
    },
    "translations\\de_DE.json": {
      "sha256": "2d6e6f29f2ea33545c6622e6f5d2749a0425ea03b143b86656f28b3b2147a756",
      "size": 25992,
      "segmentSize": 10000000,
      "segments": [
        [
          164728070686099,
          "2d6e6f29f2ea33545c6622e6f5d2749a0425ea03b143b86656f28b3b2147a756",
          6225
        ]
      ]
    },
    "translations\\el_GR.json": {
      "sha256": "b08d87dc9586eaa16a50203b2ce32f030debeb7b98c65d651a11393155a29ad5",
      "size": 55790,
      "segmentSize": 10000000,
      "segments": [
        [
          21212965436371,
          "b08d87dc9586eaa16a50203b2ce32f030debeb7b98c65d651a11393155a29ad5",
          7722
        ]
      ]
    },
    "translations\\en_GB.json": {
      "sha256": "020b3f87a509e1ed9f21152cb53d0ff1c5391c61fdc22ebacd227787bde2731b",
      "size": 23667,
      "segmentSize": 10000000,
      "segments": [
        [
          209663847051285,
          "020b3f87a509e1ed9f21152cb53d0ff1c5391c61fdc22ebacd227787bde2731b",
          4645
        ]
      ]
    },
    "translations\\en_US.json": {
      "sha256": "d94812d279c40f80ddf4492f7b7e5951feaf9c9737bfc7495e1ee4d0fc9e13a7",
      "size": 23618,
      "segmentSize": 10000000,
      "segments": [
        [
          136870476388504,
          "d94812d279c40f80ddf4492f7b7e5951feaf9c9737bfc7495e1ee4d0fc9e13a7",
          4479
        ]
      ]
    },
    "translations\\es_ES.json": {
      "sha256": "8962c3a53e1e34a47604887c32227c65fceda16084c3a534f3b24b3c1b2d2e2b",
      "size": 26585,
      "segmentSize": 10000000,
      "segments": [
        [
          43027286716415,
          "8962c3a53e1e34a47604887c32227c65fceda16084c3a534f3b24b3c1b2d2e2b",
          6044
        ]
      ]
    },
    "translations\\pt_BR.json": {
      "sha256": "94275786ac367ffac0787ef663ce27701d63501c8a407101328ae335ae5da6ce",
      "size": 26338,
      "segmentSize": 10000000,
      "segments": [
        [
          155826348325576,
          "94275786ac367ffac0787ef663ce27701d63501c8a407101328ae335ae5da6ce",
          5916
        ]
      ]
    },
    "translations\\fi_FI.json": {
      "sha256": "be1049385836eed49554c068c7345bad943ff79036c5e24ae81196c253d5323b",
      "size": 25602,
      "segmentSize": 10000000,
      "segments": [
        [
          234902400464094,
          "be1049385836eed49554c068c7345bad943ff79036c5e24ae81196c253d5323b",
          6091
        ]
      ]
    },
    "translations\\it_IT.json": {
      "sha256": "6939964fbc572c78cbfcc959a1734c82a136a9938c7d53452e73e8c3f7584962",
      "size": 25060,
      "segmentSize": 10000000,
      "segments": [
        [
          254635594103390,
          "6939964fbc572c78cbfcc959a1734c82a136a9938c7d53452e73e8c3f7584962",
          5912
        ]
      ]
    },
    "translations\\fr_FR.json": {
      "sha256": "c8b8aba5515b5497e7a22a3603c14a60583cdcec28768fd93836e1a7fec0f187",
      "size": 26352,
      "segmentSize": 10000000,
      "segments": [
        [
          189959460071246,
          "c8b8aba5515b5497e7a22a3603c14a60583cdcec28768fd93836e1a7fec0f187",
          6094
        ]
      ]
    },
    "translations\\ja_JP.json": {
      "sha256": "9e911b860ec23cc89b7d964ccdfa4a19a806c999d124a43ae6cacec33e288938",
      "size": 34668,
      "segmentSize": 10000000,
      "segments": [
        [
          77102785996065,
          "9e911b860ec23cc89b7d964ccdfa4a19a806c999d124a43ae6cacec33e288938",
          6513
        ]
      ]
    },
    "translations\\nb_NO.json": {
      "sha256": "d0b4901fb531a23c827e820ae88ff103259e60969b1a720317c921428e72b04b",
      "size": 24713,
      "segmentSize": 10000000,
      "segments": [
        [
          117548223921900,
          "d0b4901fb531a23c827e820ae88ff103259e60969b1a720317c921428e72b04b",
          5862
        ]
      ]
    },
    "translations\\nl_NL.json": {
      "sha256": "0f772e983489510ed304f06199d41c4e801f1c3dbd99f1a70e9dda5f193d4f2d",
      "size": 24170,
      "segmentSize": 10000000,
      "segments": [
        [
          201147413497070,
          "0f772e983489510ed304f06199d41c4e801f1c3dbd99f1a70e9dda5f193d4f2d",
          5816
        ]
      ]
    },
    "translations\\pl_PL.json": {
      "sha256": "2c1babfdc79d7402e0a9a4a2bb90a6d834f41890cbc124a2f7063921315e7238",
      "size": 26368,
      "segmentSize": 10000000,
      "segments": [
        [
          50065580450124,
          "2c1babfdc79d7402e0a9a4a2bb90a6d834f41890cbc124a2f7063921315e7238",
          6144
        ]
      ]
    },
    "translations\\zh_HK.json": {
      "sha256": "6eec08aae59e1f8364a683255e4da0630c46a769d28be4bd118de46a7c0963ac",
      "size": 28556,
      "segmentSize": 10000000,
      "segments": [
        [
          206440306617032,
          "6eec08aae59e1f8364a683255e4da0630c46a769d28be4bd118de46a7c0963ac",
          6328
        ]
      ]
    },
    "translations\\zh_TW.json": {
      "sha256": "51d0f05ac4a7d3c2ccf96c8818d3694f4c135ba59bcd6127b92660f5d8854395",
      "size": 28580,
      "segmentSize": 10000000,
      "segments": [
        [
          21913999290975,
          "51d0f05ac4a7d3c2ccf96c8818d3694f4c135ba59bcd6127b92660f5d8854395",
          6299
        ]
      ]
    },
    "translations\\pt_PT.json": {
      "sha256": "feeaec2328e96b5a19a9b01d8e2963104ab5f0b2b80700a0e3afa9e9a34ffb0d",
      "size": 26366,
      "segmentSize": 10000000,
      "segments": [
        [
          276397153289551,
          "feeaec2328e96b5a19a9b01d8e2963104ab5f0b2b80700a0e3afa9e9a34ffb0d",
          6020
        ]
      ]
    },
    "translations\\ru_RU.json": {
      "sha256": "cb04e70c0056a13129ec9cbc8f5a06949db34d5225c24eb3618d28345e505141",
      "size": 52503,
      "segmentSize": 10000000,
      "segments": [
        [
          77403166444212,
          "cb04e70c0056a13129ec9cbc8f5a06949db34d5225c24eb3618d28345e505141",
          7328
        ]
      ]
    },
    "translations\\sv_SE.json": {
      "sha256": "d390c10960ce3d329edf93fba3726eb56d89f0d5f56d3d393a4ae769946804dc",
      "size": 25025,
      "segmentSize": 10000000,
      "segments": [
        [
          117884992998882,
          "d390c10960ce3d329edf93fba3726eb56d89f0d5f56d3d393a4ae769946804dc",
          5833
        ]
      ]
    },
    "translations\\ro_RO.json": {
      "sha256": "d55da56ddb62b78ddad316c71b3cb5a2e8825d346013cfa4a23f6659483ee730",
      "size": 26379,
      "segmentSize": 10000000,
      "segments": [
        [
          221608436520730,
          "d55da56ddb62b78ddad316c71b3cb5a2e8825d346013cfa4a23f6659483ee730",
          6069
        ]
      ]
    },
    "translations\\tr_TR.json": {
      "sha256": "0d3694e1aaccacabbda4d24b6d1a2778ad718ac0d512ff5e11eabb08209d7dc4",
      "size": 27823,
      "segmentSize": 10000000,
      "segments": [
        [
          130743152211173,
          "0d3694e1aaccacabbda4d24b6d1a2778ad718ac0d512ff5e11eabb08209d7dc4",
          6169
        ]
      ]
    },
    "translations\\zh_CN.json": {
      "sha256": "3c4a1fd2500ad495cc3267d758c5684e5a26b24bfe80042bccc7221cf61a9eb1",
      "size": 27534,
      "segmentSize": 10000000,
      "segments": [
        [
          266221352350691,
          "3c4a1fd2500ad495cc3267d758c5684e5a26b24bfe80042bccc7221cf61a9eb1",
          6240
        ]
      ]
    },
    "mobileconfig\\MobileConfigMetadata.json": {
      "sha256": "f547ceeb52b5f1d87fbb7d7f1487bac71a994df0da85bbba5c00bf541fb6dbdf",
      "size": 16358,
      "segmentSize": 10000000,
      "segments": [
        [
          211010268087856,
          "f547ceeb52b5f1d87fbb7d7f1487bac71a994df0da85bbba5c00bf541fb6dbdf",
          3134
        ]
      ]
    },
    "Assets\\default.png": {
      "sha256": "b1578e9639ed1a83a80cdf2b51a454359771d097d8c8358f612795c617992731",
      "size": 4320,
      "segmentSize": 10000000,
      "segments": [
        [
          265147424082181,
          "b1578e9639ed1a83a80cdf2b51a454359771d097d8c8358f612795c617992731",
          1724
        ]
      ]
    },
    "xinput1_3.dll": {
      "sha256": "756cad002e1553cfa1a91ebe8c1b9380ffabe0b4b1916c4a4db802396ddfbef8",
      "size": 107368,
      "segmentSize": 10000000,
      "segments": [
        [
          191093052889419,
          "756cad002e1553cfa1a91ebe8c1b9380ffabe0b4b1916c4a4db802396ddfbef8",
          49565
        ]
      ]
    },
    "oculus_openxr_64.json": {
      "sha256": "de46eece1d2daa3a97312d3caff64e2acba4a8471d34a69f822c84326fc7daf7",
      "size": 146,
      "segmentSize": 10000000,
      "segments": [
        [
          12474531194641,
          "de46eece1d2daa3a97312d3caff64e2acba4a8471d34a69f822c84326fc7daf7",
          123
        ]
      ]
    },
    "Assets\\oculus-client\\logo_transparent_image.png": {
      "sha256": "5ffbd87e7b684c76ddeecc32afee98ac2e8919549e3e8b90c212ddc4c675d5a7",
      "size": 45119,
      "segmentSize": 10000000,
      "segments": [
        [
          229133974411807,
          "5ffbd87e7b684c76ddeecc32afee98ac2e8919549e3e8b90c212ddc4c675d5a7",
          13073
        ]
      ]
    },
    "Assets\\oculus-touch-tutorial\\cover_landscape_image.jpg": {
      "sha256": "888e327723ddcc4c56f9b03811321ed11c57ceaea885c931e435d734c588e0e6",
      "size": 110050,
      "segmentSize": 10000000,
      "segments": [
        [
          216079903481197,
          "888e327723ddcc4c56f9b03811321ed11c57ceaea885c931e435d734c588e0e6",
          109303
        ]
      ]
    },
    "Assets\\oculus-touch-tutorial\\cover_square_image.jpg": {
      "sha256": "29de3b5c85826cf700a80c33844e2ad990bbbb780280dee3638d70fcba8082f9",
      "size": 146407,
      "segmentSize": 10000000,
      "segments": [
        [
          210702289543069,
          "29de3b5c85826cf700a80c33844e2ad990bbbb780280dee3638d70fcba8082f9",
          145867
        ]
      ]
    },
    "Assets\\oculus-dreamdeck-nux\\cover_landscape_image.jpg": {
      "sha256": "38759204b02b3aedd4426f6356ff9bc4d77589dcfd4153c77446c8df994a2328",
      "size": 93936,
      "segmentSize": 10000000,
      "segments": [
        [
          25581894605525,
          "38759204b02b3aedd4426f6356ff9bc4d77589dcfd4153c77446c8df994a2328",
          93283
        ]
      ]
    },
    "Assets\\oculus-dreamdeck-nux\\cover_square_image.jpg": {
      "sha256": "3aaada1b8dd474395c9ffda899bfd0765bd8088c5d43e60bc9b758a7fcc68037",
      "size": 119096,
      "segmentSize": 10000000,
      "segments": [
        [
          129018668503040,
          "3aaada1b8dd474395c9ffda899bfd0765bd8088c5d43e60bc9b758a7fcc68037",
          118372
        ]
      ]
    },
    "Assets\\OculusLibrary.ico": {
      "sha256": "24b0b7bb4b680ce4efc9abd54941b20a5c2bd5fa39f50be4712c4327a6b552c7",
      "size": 153400,
      "segmentSize": 10000000,
      "segments": [
        [
          267379467552973,
          "24b0b7bb4b680ce4efc9abd54941b20a5c2bd5fa39f50be4712c4327a6b552c7",
          13766
        ]
      ]
    },
    "Assets\\oculus-client\\cover_landscape_image.jpg": {
      "sha256": "4e60fd2434be6c0aeabfdd4626b17710129e5eed26addb094af375073d88d060",
      "size": 8758,
      "segmentSize": 10000000,
      "segments": [
        [
          107868440088491,
          "4e60fd2434be6c0aeabfdd4626b17710129e5eed26addb094af375073d88d060",
          3910
        ]
      ]
    },
    "Assets\\oculus-avatar-editor\\cover_square_image.jpg": {
      "sha256": "4559950d956852ec6f7680e2a699898dc9baf9c32790a8cccc62d1355a52cf0c",
      "size": 285296,
      "segmentSize": 10000000,
      "segments": [
        [
          179302019085910,
          "4559950d956852ec6f7680e2a699898dc9baf9c32790a8cccc62d1355a52cf0c",
          284171
        ]
      ]
    },
    "Assets\\oculus-avatar-editor\\cover_landscape_image.jpg": {
      "sha256": "1530812473dc3a0c05c3fa7264b7502de3c81a201addd2331e91345d1ec33d2b",
      "size": 124252,
      "segmentSize": 10000000,
      "segments": [
        [
          49781858618481,
          "1530812473dc3a0c05c3fa7264b7502de3c81a201addd2331e91345d1ec33d2b",
          123537
        ]
      ]
    },
    "oculus_p2p_32.dll": {
      "sha256": "a63c155aa28a82febcf3a058e2d92ca3644898ec90df56c4f70c3163b81ab761",
      "size": 5642664,
      "segmentSize": 10000000,
      "segments": [
        [
          259950992335107,
          "a63c155aa28a82febcf3a058e2d92ca3644898ec90df56c4f70c3163b81ab761",
          2697922
        ]
      ]
    },
    "symsrv.dll": {
      "sha256": "53a17d88c57bb1db81defc7f7d1be890423d9063889977f0497f7fc66f3e0307",
      "size": 229928,
      "segmentSize": 10000000,
      "segments": [
        [
          191195721001585,
          "53a17d88c57bb1db81defc7f7d1be890423d9063889977f0497f7fc66f3e0307",
          96775
        ]
      ]
    },
    "DbgModel.dll": {
      "sha256": "12a61142872c0a5a1cd4a86bb11b00ee3cbb65f177bc0e3abf2d7d1fd82c6f5c",
      "size": 689216,
      "segmentSize": 10000000,
      "segments": [
        [
          88271821510372,
          "12a61142872c0a5a1cd4a86bb11b00ee3cbb65f177bc0e3abf2d7d1fd82c6f5c",
          275198
        ]
      ]
    },
    "oculus_openxr_32.json": {
      "sha256": "ef46e48f1b207dfd14b421c7f31e3c20ef49ecbdf58c14168ca13806b256a52b",
      "size": 146,
      "segmentSize": 10000000,
      "segments": [
        [
          12473054799628,
          "ef46e48f1b207dfd14b421c7f31e3c20ef49ecbdf58c14168ca13806b256a52b",
          123
        ]
      ]
    },
    "dbgcore.dll": {
      "sha256": "9287dbd9fefac824e44121f65f207c67eab7f4692c596d72082619d4420244ee",
      "size": 173608,
      "segmentSize": 10000000,
      "segments": [
        [
          222536648115527,
          "9287dbd9fefac824e44121f65f207c67eab7f4692c596d72082619d4420244ee",
          81786
        ]
      ]
    },
    "dbghelp.dll": {
      "sha256": "813b916a992cccff2bb6960abde910eeaac56fd711e4ad1373cf56783e2684ea",
      "size": 1945640,
      "segmentSize": 10000000,
      "segments": [
        [
          182952425156175,
          "813b916a992cccff2bb6960abde910eeaac56fd711e4ad1373cf56783e2684ea",
          821722
        ]
      ]
    },
    "LibOVRPlatform64.dll": {
      "sha256": "0655695451c49508b6fa3e6651f8390ba2aef654e0fd5944f353e9dcc8e72f74",
      "size": 2338728,
      "segmentSize": 10000000,
      "segments": [
        [
          245772795025343,
          "0655695451c49508b6fa3e6651f8390ba2aef654e0fd5944f353e9dcc8e72f74",
          1049028
        ]
      ]
    },
    "d3dcompiler_47.dll": {
      "sha256": "e994847e01a6f1e4cbdc5a864616ac262f67ee4f14db194984661a8d927ab7f4",
      "size": 4173928,
      "segmentSize": 10000000,
      "segments": [
        [
          255576191677864,
          "e994847e01a6f1e4cbdc5a864616ac262f67ee4f14db194984661a8d927ab7f4",
          1756414
        ]
      ]
    },
    "server-plugins\\RemoteHeadset_v55.dll": {
      "sha256": "1c4cf284cfbbf0ccb2e79a387090067578b3d3539b864f2f9832de5b982f6288",
      "size": 9579064,
      "segmentSize": 10000000,
      "segments": [
        [
          79693276336770,
          "1c4cf284cfbbf0ccb2e79a387090067578b3d3539b864f2f9832de5b982f6288",
          4108634
        ]
      ]
    },
    "dbgeng.dll": {
      "sha256": "b979a0149c662375bc155e19fd607ec4993b395a18bde6847c865d3455943020",
      "size": 7312400,
      "segmentSize": 10000000,
      "segments": [
        [
          158980130712666,
          "b979a0149c662375bc155e19fd607ec4993b395a18bde6847c865d3455943020",
          2762750
        ]
      ]
    },
    "server-plugins\\Firmware\\firmware_km.zip": {
      "sha256": "e1cbe685582d8312e833f8f0b0d1424f6e46d455b49bac7b68fa885463983720",
      "size": 3441217,
      "segmentSize": 10000000,
      "segments": [
        [
          245463380293963,
          "e1cbe685582d8312e833f8f0b0d1424f6e46d455b49bac7b68fa885463983720",
          1997790
        ]
      ]
    },
    "oculus_p2p_64.dll": {
      "sha256": "922ee45e3ebef0ec445656f6e22929b569e0843c8e928a3740c584a2637860a9",
      "size": 6733736,
      "segmentSize": 10000000,
      "segments": [
        [
          77314070845633,
          "922ee45e3ebef0ec445656f6e22929b569e0843c8e928a3740c584a2637860a9",
          3168971
        ]
      ]
    },
    "server-plugins\\Firmware\\firmware.zip": {
      "sha256": "48de14b1d8281d71e961d751a03a9df90cbe4c7c7640999fe13a253e038c42bd",
      "size": 476642,
      "segmentSize": 10000000,
      "segments": [
        [
          260133395964406,
          "48de14b1d8281d71e961d751a03a9df90cbe4c7c7640999fe13a253e038c42bd",
          471121
        ]
      ]
    },
    "client-plugins\\x64\\XR_FB_face_tracking.dll": {
      "sha256": "89c34833e761881b906866b6d45ddd5c70fd8e66f23c0e7ddeceb7aba8e51aaf",
      "size": 804920,
      "segmentSize": 10000000,
      "segments": [
        [
          161982581196621,
          "89c34833e761881b906866b6d45ddd5c70fd8e66f23c0e7ddeceb7aba8e51aaf",
          314152
        ]
      ]
    },
    "client-plugins\\x86\\XR_EXT_hand_tracking.dll": {
      "sha256": "66b5631915fd02a5fc9da5f072182200326e54ccdea2ca6660f5efe2165e1c97",
      "size": 1203256,
      "segmentSize": 10000000,
      "segments": [
        [
          136549499698161,
          "66b5631915fd02a5fc9da5f072182200326e54ccdea2ca6660f5efe2165e1c97",
          462732
        ]
      ]
    },
    "LibOVRRT32_1.dll": {
      "sha256": "45c6b9dc5e38492282ae35042d38a887f61a5879f8329b47235c830d386f81fb",
      "size": 4710456,
      "segmentSize": 10000000,
      "segments": [
        [
          171321485702926,
          "45c6b9dc5e38492282ae35042d38a887f61a5879f8329b47235c830d386f81fb",
          1649328
        ]
      ]
    },
    "libGLESv2.dll": {
      "sha256": "0a3b19aff4a40178210aff39c5f000de4984712a848c7a511c979e85ecaf315f",
      "size": 6306360,
      "segmentSize": 10000000,
      "segments": [
        [
          257346913188292,
          "0a3b19aff4a40178210aff39c5f000de4984712a848c7a511c979e85ecaf315f",
          2494565
        ]
      ]
    },
    "server-plugins\\Rift.dll": {
      "sha256": "e84582a1a72da8130c69ae7ce81935ea0a76500a44affbd1aad654e822e119da",
      "size": 5072440,
      "segmentSize": 10000000,
      "segments": [
        [
          3832568821727,
          "e84582a1a72da8130c69ae7ce81935ea0a76500a44affbd1aad654e822e119da",
          1999631
        ]
      ]
    },
    "server-plugins\\RiftS.dll": {
      "sha256": "c52db050aff9016be492e27979aedd7f072792f293fff61e7c1b02ee27db14c1",
      "size": 4339768,
      "segmentSize": 10000000,
      "segments": [
        [
          218684427527542,
          "c52db050aff9016be492e27979aedd7f072792f293fff61e7c1b02ee27db14c1",
          1761216
        ]
      ]
    },
    "server-plugins\\Emulation.dll": {
      "sha256": "414cf2625d74e0481bb3cae7d6607768ab48cfd75516bc77b49088de37e23481",
      "size": 1046584,
      "segmentSize": 10000000,
      "segments": [
        [
          276927688580529,
          "414cf2625d74e0481bb3cae7d6607768ab48cfd75516bc77b49088de37e23481",
          468543
        ]
      ]
    },
    "server-plugins\\MrServiceServer.dll": {
      "sha256": "b717e5ec056f9572de21c25886507da9d13c81dd60d5cda4f72cf3146579a8d9",
      "size": 4074040,
      "segmentSize": 10000000,
      "segments": [
        [
          87222570548932,
          "b717e5ec056f9572de21c25886507da9d13c81dd60d5cda4f72cf3146579a8d9",
          1692137
        ]
      ]
    },
    "server-plugins\\RemoteHeadset.dll": {
      "sha256": "f1d3d2c377f5fc552f6cb833a41dba219b6f05f08d5252ccf4121b7374a867ea",
      "size": 12533304,
      "segmentSize": 10000000,
      "segments": [
        [
          1687688882144,
          "d4489c6f870fe723e0a0c022553a53d904521acd1b2b75a6609f563284f53998",
          4341573
        ],
        [
          80331431197872,
          "7a91b7d5151fc9b7028ad67d44c27f4ca88f3f331f1f829f9ca95f424f5b179d",
          972354
        ]
      ]
    },
    "client-plugins\\x64\\XR_META_virtual_keyboard.dll": {
      "sha256": "53ee8db453ab4ccab90d579cee850aebbb736c9ddbf86b78503e26dcb259066f",
      "size": 1739832,
      "segmentSize": 10000000,
      "segments": [
        [
          224650230051763,
          "53ee8db453ab4ccab90d579cee850aebbb736c9ddbf86b78503e26dcb259066f",
          690229
        ]
      ]
    },
    "client-plugins\\x64\\XR_META_local_group.dll": {
      "sha256": "5329ce91a424fa394fd4a496ffeb29160019f53ba4bbde172f87436040c7c243",
      "size": 718392,
      "segmentSize": 10000000,
      "segments": [
        [
          90069588799256,
          "5329ce91a424fa394fd4a496ffeb29160019f53ba4bbde172f87436040c7c243",
          294119
        ]
      ]
    },
    "client-plugins\\x64\\XR_META_environment_depth.dll": {
      "sha256": "eada5ee2c896d2634ecd972d3624a5dab408ccb7c0d3e60a48880f088e508339",
      "size": 1008184,
      "segmentSize": 10000000,
      "segments": [
        [
          80775290791848,
          "eada5ee2c896d2634ecd972d3624a5dab408ccb7c0d3e60a48880f088e508339",
          413918
        ]
      ]
    },
    "client-plugins\\x64\\XR_META_boundary.dll": {
      "sha256": "bb81c5b77dc016d9d48c94e04433e4397b72bc80967ff6419813a76f94e2d196",
      "size": 568888,
      "segmentSize": 10000000,
      "segments": [
        [
          226036192960956,
          "bb81c5b77dc016d9d48c94e04433e4397b72bc80967ff6419813a76f94e2d196",
          249841
        ]
      ]
    },
    "client-plugins\\x64\\XR_FB_eye_tracking_social.dll": {
      "sha256": "acf63115f735d934bdb70aaf68e94f9f23853a5587b902b75622202a2b7457d1",
      "size": 1104440,
      "segmentSize": 10000000,
      "segments": [
        [
          265853171903226,
          "acf63115f735d934bdb70aaf68e94f9f23853a5587b902b75622202a2b7457d1",
          453149
        ]
      ]
    },
    "client-plugins\\x64\\XR_FB_body_tracking.dll": {
      "sha256": "007a766d93732179b689b74153b699f2d006148eeb82eb7a0c37e279e49bb7cf",
      "size": 1235000,
      "segmentSize": 10000000,
      "segments": [
        [
          1485564613727,
          "007a766d93732179b689b74153b699f2d006148eeb82eb7a0c37e279e49bb7cf",
          498319
        ]
      ]
    },
    "client-plugins\\x86\\XR_FB_passthrough.dll": {
      "sha256": "0bb306bf45d3680aeefba2fb12f3abcb6e6202c4d2fa80072fc52fc40658bd50",
      "size": 985656,
      "segmentSize": 10000000,
      "segments": [
        [
          32154528628622,
          "0bb306bf45d3680aeefba2fb12f3abcb6e6202c4d2fa80072fc52fc40658bd50",
          400491
        ]
      ]
    },
    "client-plugins\\x64\\XR_FB_render_model.dll": {
      "sha256": "807079a6d74dcca95c9a8802b040a34eee643cbcbe23c430902012f80e5d72e8",
      "size": 504888,
      "segmentSize": 10000000,
      "segments": [
        [
          252487230073168,
          "807079a6d74dcca95c9a8802b040a34eee643cbcbe23c430902012f80e5d72e8",
          236811
        ]
      ]
    },
    "client-plugins\\x64\\XR_FB_spatial_entity.dll": {
      "sha256": "fa2a1386b29dd6561fb0fa6f2861e3ffad6e58f981dc057988164bb8df2f51e8",
      "size": 5541944,
      "segmentSize": 10000000,
      "segments": [
        [
          140904146059997,
          "fa2a1386b29dd6561fb0fa6f2861e3ffad6e58f981dc057988164bb8df2f51e8",
          1991237
        ]
      ]
    },
    "client-plugins\\x86\\XR_FB_render_model.dll": {
      "sha256": "9c397dc0f2d92b45ca642b96b315c02b74fbf5a41a1886f5d851c35b9565d19a",
      "size": 426552,
      "segmentSize": 10000000,
      "segments": [
        [
          146792948648013,
          "9c397dc0f2d92b45ca642b96b315c02b74fbf5a41a1886f5d851c35b9565d19a",
          208077
        ]
      ]
    },
    "client-plugins\\x86\\XR_FB_keyboard_tracking.dll": {
      "sha256": "fd949525840e83b250a8810830487702cc007b301823e52524aa338016bb7800",
      "size": 671800,
      "segmentSize": 10000000,
      "segments": [
        [
          200612217972941,
          "fd949525840e83b250a8810830487702cc007b301823e52524aa338016bb7800",
          273781
        ]
      ]
    },
    "client-plugins\\x86\\XR_FB_spatial_entity.dll": {
      "sha256": "3b30fec23e88fb4293a5b25dca57ddbade1ec3e1f8b8b09217e12ee1850d6910",
      "size": 5051448,
      "segmentSize": 10000000,
      "segments": [
        [
          110075802093281,
          "3b30fec23e88fb4293a5b25dca57ddbade1ec3e1f8b8b09217e12ee1850d6910",
          1808304
        ]
      ]
    },
    "client-plugins\\x86\\XR_FB_eye_tracking_social.dll": {
      "sha256": "b89fd3d9d18bff6f23b766b735c1989347792ec7d92d86951d84bc369e7be3d2",
      "size": 970808,
      "segmentSize": 10000000,
      "segments": [
        [
          236906836018017,
          "b89fd3d9d18bff6f23b766b735c1989347792ec7d92d86951d84bc369e7be3d2",
          411297
        ]
      ]
    },
    "client-plugins\\x86\\XR_FB_body_tracking.dll": {
      "sha256": "735b080a95d72d2dfedce23c87d838ca9450aea5f9cee9f0c2fc75481ce220e5",
      "size": 1084984,
      "segmentSize": 10000000,
      "segments": [
        [
          36395342746152,
          "735b080a95d72d2dfedce23c87d838ca9450aea5f9cee9f0c2fc75481ce220e5",
          451278
        ]
      ]
    },
    "client-plugins\\x86\\XR_META_boundary.dll": {
      "sha256": "5c9eb141307c1ec756ad626e562f7751d6d7f447c35d460535edbafdfa0d1441",
      "size": 479288,
      "segmentSize": 10000000,
      "segments": [
        [
          178619399406950,
          "5c9eb141307c1ec756ad626e562f7751d6d7f447c35d460535edbafdfa0d1441",
          219592
        ]
      ]
    },
    "client-plugins\\x86\\XR_FB_face_tracking.dll": {
      "sha256": "f54ddba53e702ff180e91af9e33673d950dcd3702903c74c77ce457a77f98b0f",
      "size": 702008,
      "segmentSize": 10000000,
      "segments": [
        [
          25986635300468,
          "f54ddba53e702ff180e91af9e33673d950dcd3702903c74c77ce457a77f98b0f",
          283078
        ]
      ]
    },
    "client-plugins\\x86\\XR_META_local_group.dll": {
      "sha256": "9c4280092ba09eba92f6cfc79cd41e062fd9e54b6d8373bfee7a54e786ebb1c0",
      "size": 604728,
      "segmentSize": 10000000,
      "segments": [
        [
          98599559625585,
          "9c4280092ba09eba92f6cfc79cd41e062fd9e54b6d8373bfee7a54e786ebb1c0",
          259631
        ]
      ]
    },
    "client-plugins\\x86\\XR_META_environment_depth.dll": {
      "sha256": "8d9a8a05231c66dc8d418085988511a3ee979819780a84d7ba619c1e3ed342e0",
      "size": 865336,
      "segmentSize": 10000000,
      "segments": [
        [
          79195630268273,
          "8d9a8a05231c66dc8d418085988511a3ee979819780a84d7ba619c1e3ed342e0",
          369889
        ]
      ]
    },
    "client-plugins\\x86\\XR_META_virtual_keyboard.dll": {
      "sha256": "eb6a86ea8696bb1edba112975773e8b1fc8be2660869386ca8cebd7fd90f4107",
      "size": 1537080,
      "segmentSize": 10000000,
      "segments": [
        [
          86324798663381,
          "eb6a86ea8696bb1edba112975773e8b1fc8be2660869386ca8cebd7fd90f4107",
          606256
        ]
      ]
    },
    "LibOVRP2P64_1.dll": {
      "sha256": "b16f9ecd628a8b769020452953380ade5d8f054e4104b0574ea45655d1191501",
      "size": 7213624,
      "segmentSize": 10000000,
      "segments": [
        [
          135636033749226,
          "b16f9ecd628a8b769020452953380ade5d8f054e4104b0574ea45655d1191501",
          3379204
        ]
      ]
    },
    "client-plugins\\x64\\XR_FB_keyboard_tracking.dll": {
      "sha256": "6a47a7722d4217275a0bb629e2c7dafa6a18ed7361ceaad6a3b3962cd2e9076e",
      "size": 770616,
      "segmentSize": 10000000,
      "segments": [
        [
          124481776360977,
          "6a47a7722d4217275a0bb629e2c7dafa6a18ed7361ceaad6a3b3962cd2e9076e",
          305163
        ]
      ]
    },
    "client-plugins\\x64\\XR_EXT_hand_tracking.dll": {
      "sha256": "dd3ce3cee6f3a0faaa138b98f1e3cfc7ac7cfd82ee00d0a301c18ba2c7e9255b",
      "size": 1353272,
      "segmentSize": 10000000,
      "segments": [
        [
          161877360360050,
          "dd3ce3cee6f3a0faaa138b98f1e3cfc7ac7cfd82ee00d0a301c18ba2c7e9255b",
          507494
        ]
      ]
    },
    "RealtekWifi.dll": {
      "sha256": "2f71463f28379678448f5f39c2e481e5d54e4afb2adbaa46def39696c7142ef5",
      "size": 2903096,
      "segmentSize": 10000000,
      "segments": [
        [
          133773326955548,
          "2f71463f28379678448f5f39c2e481e5d54e4afb2adbaa46def39696c7142ef5",
          1324794
        ]
      ]
    },
    "RuntimeIPCServiceClient_32.dll": {
      "sha256": "095cb15f4debe77213fe1c0777c7296521db54ec64a2d19d1a82f2cf4c7830b1",
      "size": 1107000,
      "segmentSize": 10000000,
      "segments": [
        [
          264514162603150,
          "095cb15f4debe77213fe1c0777c7296521db54ec64a2d19d1a82f2cf4c7830b1",
          445493
        ]
      ]
    },
    "RuntimeIPCServiceClient_64.dll": {
      "sha256": "30b00d4251e8b53e5b5f0d7fe3a6472ab20b0cd20c1fc682a9dfe54ee20ca905",
      "size": 1271864,
      "segmentSize": 10000000,
      "segments": [
        [
          206656225734301,
          "30b00d4251e8b53e5b5f0d7fe3a6472ab20b0cd20c1fc682a9dfe54ee20ca905",
          517036
        ]
      ]
    },
    "client-plugins\\x64\\XR_FB_passthrough.dll": {
      "sha256": "57f2ddd41fdfde200625a61af1822211525c4856a42c991f3dbe078a4777548e",
      "size": 1164344,
      "segmentSize": 10000000,
      "segments": [
        [
          258889226718571,
          "57f2ddd41fdfde200625a61af1822211525c4856a42c991f3dbe078a4777548e",
          462373
        ]
      ]
    },
    "LibOVRP2P32_1.dll": {
      "sha256": "da7d00821fc146d4ff997831d7ba3057b0900e865fd6782ea0b90463f1eaf62f",
      "size": 5922872,
      "segmentSize": 10000000,
      "segments": [
        [
          20924836527666,
          "da7d00821fc146d4ff997831d7ba3057b0900e865fd6782ea0b90463f1eaf62f",
          2839821
        ]
      ]
    },
    "OVRRedir.exe": {
      "sha256": "273bb4d7ce6c0d83abcc8ab2358bd235c567d5da4e9ef74e74c947a1719cbd22",
      "size": 1144888,
      "segmentSize": 10000000,
      "segments": [
        [
          274920249845762,
          "273bb4d7ce6c0d83abcc8ab2358bd235c567d5da4e9ef74e74c947a1719cbd22",
          470068
        ]
      ]
    },
    "LibOVRPlatform32_1.dll": {
      "sha256": "d756e1034f76a0bc54a69fff94a2a0b4db559494c8e8a3bd5fd732bba9dd34b2",
      "size": 7748664,
      "segmentSize": 10000000,
      "segments": [
        [
          264893211431466,
          "d756e1034f76a0bc54a69fff94a2a0b4db559494c8e8a3bd5fd732bba9dd34b2",
          3295033
        ]
      ]
    },
    "LibOVRRT64_1.dll": {
      "sha256": "5662962c29fa9eeb4d285d0f8daa15edbab5fa4c99e9e6ff5daadb06a541444e",
      "size": 5166136,
      "segmentSize": 10000000,
      "segments": [
        [
          79950732651552,
          "5662962c29fa9eeb4d285d0f8daa15edbab5fa4c99e9e6ff5daadb06a541444e",
          1806881
        ]
      ]
    },
    "LibOVRPlatform64_1.dll": {
      "sha256": "4cf9b87f46d5d7fa2641e4638d449e64734e6d8a1723ce9c72e949405799de13",
      "size": 9237048,
      "segmentSize": 10000000,
      "segments": [
        [
          261252047728312,
          "4cf9b87f46d5d7fa2641e4638d449e64734e6d8a1723ce9c72e949405799de13",
          3758339
        ]
      ]
    },
    "OVRServiceLauncher.exe": {
      "sha256": "b04437d184dda5679200256474fb1c08e24e0e14ff737dd94e041ae73f419687",
      "size": 510008,
      "segmentSize": 10000000,
      "segments": [
        [
          167050275063987,
          "b04437d184dda5679200256474fb1c08e24e0e14ff737dd94e041ae73f419687",
          204157
        ]
      ]
    },
    "OVRServer_x64.exe": {
      "sha256": "a1c2b4a607710ff675fe857009f73761c0647b7df70d07dd4271892331625f39",
      "size": 9119288,
      "segmentSize": 10000000,
      "segments": [
        [
          6884447153249,
          "a1c2b4a607710ff675fe857009f73761c0647b7df70d07dd4271892331625f39",
          3009189
        ]
      ]
    },
    "libEGL.dll": {
      "sha256": "35e9ade72d6d10e175430107dbd4b439d2018098ba05c485a316a2e31c8ffffd",
      "size": 218168,
      "segmentSize": 10000000,
      "segments": [
        [
          199800337280284,
          "35e9ade72d6d10e175430107dbd4b439d2018098ba05c485a316a2e31c8ffffd",
          113156
        ]
      ]
    },
    "libovravatar.dll": {
      "sha256": "b051befa8b6e125e836aba13cfea224436f20d3994a77f46635378de42edbbf2",
      "size": 3207736,
      "segmentSize": 10000000,
      "segments": [
        [
          281319634671439,
          "b051befa8b6e125e836aba13cfea224436f20d3994a77f46635378de42edbbf2",
          1578704
        ]
      ]
    },
    "OculusAppFramework.dll": {
      "sha256": "a5cd6d8b6dc2d7b5812b65449ac4d079cb4fb2b555adb73c6c55dd1e045acd93",
      "size": 19044920,
      "segmentSize": 10000000,
      "segments": [
        [
          183162131663720,
          "5f8561a95952a8d89c437a3b9cd2622db8970f57c63e89cd7d5d2cacfd9e0fdb",
          4203736
        ],
        [
          92006841336740,
          "a8a72a322906ccd988020dcc81f051ad02d31d34e034fe08728cf3a73950077b",
          3402225
        ]
      ]
    },
    "server-plugins\\RiftS\\RiftSTracker.dll": {
      "sha256": "dabf70af1053d29bddd54ce54ad24a0f7250acd513ba01ffe633b5fa053465a7",
      "size": 114140728,
      "segmentSize": 10000000,
      "segments": [
        [
          68335729556873,
          "e3e8eb46043a3ba957e9198929501b17f2de4148044aba6ef06bf998f33cc09d",
          2815507
        ],
        [
          34578563861205,
          "06784be2c4bcecadb47c736da1b42fd318a50ceba75da46b4fe3788d89c99ad4",
          3682330
        ],
        [
          279234873945139,
          "8f1b4dd5337bbe07af02185e53a42fb3fca7f7d88289c2b9f891347125b58b39",
          3588319
        ],
        [
          67978764348222,
          "379550cc0b299c8c9762e40a74a6d06b1c9c97f14bc790ff4f1ef7636682ef26",
          2449637
        ],
        [
          88079607179125,
          "60931a0bbde34d5666f08b1b59b67676bc5f386cb7c6ddb5229ea61b446d7838",
          2654000
        ],
        [
          24693707883898,
          "55e80a2b9530c1704b3ef5016fc185006d4dde3fab0bb63107ea0f5a624dad05",
          4103402
        ],
        [
          213894995186470,
          "2c244331f6833a16ee8c408a85a53367e6449ad987254912b3f9d69b17c1128d",
          4289678
        ],
        [
          217120094957947,
          "2b1b5370d10bc7a6a980e278dff42ecc2985dd4579e2e7c24facec4e54bce7d7",
          2386016
        ],
        [
          259813162056691,
          "b8d5e3f99e340fdb99cb7eaf2940be20f8842c75b0b389241f5910b0758bfac0",
          2120342
        ],
        [
          179967146321918,
          "0c94481926c5a98576342e97141dbf860d6851aef03e92c5558382896c424055",
          2985836
        ],
        [
          171248434282827,
          "51d5b4f0d2583413f575be7946a5f391b4196d263745e3d79377d82f74e37d7f",
          2049992
        ],
        [
          173409803593971,
          "f9efff658410c4c61e99ab47affe8179f2a9806c91c38c0a8d756da1ac08c006",
          1719912
        ]
      ]
    }
  },
  "dlcs": {},
  "assetFiles": {},
  "packageType": "CORE_APP",
  "isCore": true,
  "appId": "572698886195608",
  "canonicalName": "oculus-runtime",
  "launchFile": "OVRServiceLauncher.exe",
  "launchParameters": "",
  "launchFile2D": null,
  "launchParameters2D": null,
  "version": "62.0.0.235.346",
  "versionCode": 1706648270,
  "redistributables": [],
  "firewallExceptionsRequired": false,
  "thirdParty": false,
  "manifestVersion": 1
}