{
  "parentCanonicalName": null,
  "files": {
    "Daybreak.dll": {
      "sha256": "45399e0c2ef209f1dfffcafbc351842a4b525cfc5365484d0e2af94e255fb129",
      "size": 301624,
      "segmentSize": 10000000,
      "segments": [
        [
          162992148237786,
          "45399e0c2ef209f1dfffcafbc351842a4b525cfc5365484d0e2af94e255fb129",
          134172
        ]
      ]
    },
    "DaybreakNative.dll": {
      "sha256": "e976deecfaae88090ba5759b190144786b5155d7cfe37f531bb29e0f70023c11",
      "size": 128056,
      "segmentSize": 10000000,
      "segments": [
        [
          39200797629946,
          "e976deecfaae88090ba5759b190144786b5155d7cfe37f531bb29e0f70023c11",
          67570
        ]
      ]
    },
    "OVRLibrarian.exe": {
      "sha256": "25e64397ca206853e7983514733294fff766f45ae1ddd3fc081d92c0f9296a1b",
      "size": 325176,
      "segmentSize": 10000000,
      "segments": [
        [
          122139767268046,
          "25e64397ca206853e7983514733294fff766f45ae1ddd3fc081d92c0f9296a1b",
          118842
        ]
      ]
    },
    "CommandLine.dll": {
      "sha256": "ee3b65073d92fa5da3310af6e9b0fd3148374dce2c172f618115c65159659654",
      "size": 196664,
      "segmentSize": 10000000,
      "segments": [
        [
          240221223002250,
          "ee3b65073d92fa5da3310af6e9b0fd3148374dce2c172f618115c65159659654",
          83153
        ]
      ]
    },
    "OafIpc.dll": {
      "sha256": "9aaf9681579784ddb7ccc4f60b0fda3b34a5f4e9c64e78eaa393911e20c79404",
      "size": 483384,
      "segmentSize": 10000000,
      "segments": [
        [
          264223577039356,
          "9aaf9681579784ddb7ccc4f60b0fda3b34a5f4e9c64e78eaa393911e20c79404",
          230206
        ]
      ]
    },
    "Newtonsoft.Json.dll": {
      "sha256": "cf9a0e8f85bb15ca54956892eeeb4c5846e8b693fb4120b99aba24df6706974d",
      "size": 538168,
      "segmentSize": 10000000,
      "segments": [
        [
          192055632283875,
          "cf9a0e8f85bb15ca54956892eeeb4c5846e8b693fb4120b99aba24df6706974d",
          209166
        ]
      ]
    },
    "libcrypto.dll": {
      "sha256": "58a0afe8f4f333943ff77cdae1a6f52fa2402ddf005e6ce73e2e961ca72348fb",
      "size": 2402872,
      "segmentSize": 10000000,
      "segments": [
        [
          27675359920222,
          "58a0afe8f4f333943ff77cdae1a6f52fa2402ddf005e6ce73e2e961ca72348fb",
          1117580
        ]
      ]
    },
    "IconExtractor.dll": {
      "sha256": "e042dda97b0c77502c271e30052916ae4c68f64f098e00e731809e2557f5ca0b",
      "size": 23096,
      "segmentSize": 10000000,
      "segments": [
        [
          73169534239852,
          "e042dda97b0c77502c271e30052916ae4c68f64f098e00e731809e2557f5ca0b",
          13691
        ]
      ]
    },
    "OVRLibraryService.exe": {
      "sha256": "8fc27cf54bfa5fb32e50625c1a059ad326d57869caa2eba66ad427e8d6453486",
      "size": 148024,
      "segmentSize": 10000000,
      "segments": [
        [
          205660127403344,
          "8fc27cf54bfa5fb32e50625c1a059ad326d57869caa2eba66ad427e8d6453486",
          25124
        ]
      ]
    },
    "ColorThief.dll": {
      "sha256": "ff7448bfa5013c633b4419d650d101784e85bed8f6791d449ee91ce577161439",
      "size": 30776,
      "segmentSize": 10000000,
      "segments": [
        [
          213070997514916,
          "ff7448bfa5013c633b4419d650d101784e85bed8f6791d449ee91ce577161439",
          17799
        ]
      ]
    }
  },
  "dlcs": {},
  "assetFiles": {},
  "packageType": "CORE_APP",
  "isCore": true,
  "appId": "386768564867197",
  "canonicalName": "oculus-librarian",
  "launchFile": "OVRLibrarian.exe",
  "launchParameters": "",
  "launchFile2D": null,
  "launchParameters2D": null,
  "version": "62.0.0.235.346",
  "versionCode": 1706647568,
  "redistributables": [],
  "firewallExceptionsRequired": false,
  "thirdParty": false,
  "manifestVersion": 1
}