{
  "parentCanonicalName": null,
  "files": {
    "guardian_tile.tga": {
      "sha256": "d1741dad93ca198d96bd1073795226f6025437120f8ab60e25c25a2455bcbe52",
      "size": 653,
      "segmentSize": 10000000,
      "segments": [
        [
          108099545459574,
          "d1741dad93ca198d96bd1073795226f6025437120f8ab60e25c25a2455bcbe52",
          34
        ]
      ]
    },
    "volume_max.wav": {
      "sha256": "20d2570d91cae5ffecff8075195e3a756d100750aec923a43d7e93f91491a52e",
      "size": 39608,
      "segmentSize": 10000000,
      "segments": [
        [
          231969275941600,
          "20d2570d91cae5ffecff8075195e3a756d100750aec923a43d7e93f91491a52e",
          23430
        ]
      ]
    },
    "volume_change.wav": {
      "sha256": "90b88dacc459ebfd0ec54dc02a426b066c3a1d58f5b2b7b5dd30f2e50701c7d2",
      "size": 50268,
      "segmentSize": 10000000,
      "segments": [
        [
          148794400262141,
          "90b88dacc459ebfd0ec54dc02a426b066c3a1d58f5b2b7b5dd30f2e50701c7d2",
          31252
        ]
      ]
    },
    "notif-games-apps.dds": {
      "sha256": "eb5617ebadfc5a8f7b98ddf6a9104e14ccd3f5e9c26c3a6b4ba63ef86a728faf",
      "size": 65664,
      "segmentSize": 10000000,
      "segments": [
        [
          156922473303331,
          "eb5617ebadfc5a8f7b98ddf6a9104e14ccd3f5e9c26c3a6b4ba63ef86a728faf",
          4713
        ]
      ]
    },
    "notif-system.dds": {
      "sha256": "5f83d88b2960df1895c28c20483745b76f7590c86ba591276a380d77b91ba458",
      "size": 65664,
      "segmentSize": 10000000,
      "segments": [
        [
          129150930218229,
          "5f83d88b2960df1895c28c20483745b76f7590c86ba591276a380d77b91ba458",
          4049
        ]
      ]
    },
    "notif-achievement.dds": {
      "sha256": "c98a5ba9f5799b332ad01043f2516415178f649d7e2caab70172d709edd6473a",
      "size": 65664,
      "segmentSize": 10000000,
      "segments": [
        [
          114395182172438,
          "c98a5ba9f5799b332ad01043f2516415178f649d7e2caab70172d709edd6473a",
          4643
        ]
      ]
    },
    "notification.wav": {
      "sha256": "afe59916ab53be7e91ed7602952f8ba7f0ab84b79aff6a6fdbc92e432d31f065",
      "size": 108020,
      "segmentSize": 10000000,
      "segments": [
        [
          260479510477243,
          "afe59916ab53be7e91ed7602952f8ba7f0ab84b79aff6a6fdbc92e432d31f065",
          60690
        ]
      ]
    },
    "notif-social.dds": {
      "sha256": "8721ff3ddee0052a174ed308f75f5b83d1fbedddade4bc2394381613ad236e01",
      "size": 65664,
      "segmentSize": 10000000,
      "segments": [
        [
          32256383616341,
          "8721ff3ddee0052a174ed308f75f5b83d1fbedddade4bc2394381613ad236e01",
          5123
        ]
      ]
    },
    "oculus-overlays.exe": {
      "sha256": "a3ab75ad2cc1ed2a9d2b1e59dff7af0973c7eefaf5fc482b5beb18f9574dee8f",
      "size": 989112,
      "segmentSize": 10000000,
      "segments": [
        [
          164335126156,
          "a3ab75ad2cc1ed2a9d2b1e59dff7af0973c7eefaf5fc482b5beb18f9574dee8f",
          459947
        ]
      ]
    }
  },
  "dlcs": {},
  "assetFiles": {},
  "packageType": "CORE_APP",
  "isCore": true,
  "appId": "961317437278561",
  "canonicalName": "oculus-overlays",
  "launchFile": "oculus-overlays.exe",
  "launchParameters": "",
  "launchFile2D": null,
  "launchParameters2D": "",
  "version": "1.32.0.735391",
  "versionCode": 25850,
  "redistributables": [],
  "firewallExceptionsRequired": false,
  "thirdParty": false,
  "manifestVersion": 1
}