[{
  "timestamp": 39.332124,
  "timestamp_epoch": 1707911194.625371,
  "event": "oculus_service_start",
  "service": "1.94.0",
  "display_diags_status": "Passed",
  "display_diags_status_value": 0,
  "display_diags_active_display_system": "None",
  "display_diags_dxgi2_preview_capable": 1,
  "display_diags_dxgi2_preview_available": 0,
  "display_diags_dxgi2_preview_code": -3019,
  "display_diags_dxgi2_preview_details": "Failed during detection of DXGI 2 Preview",
  "display_diags_direct_display_capable": 1,
  "display_diags_direct_display_available": 1,
  "display_diags_direct_display_code": 0,
  "display_diags_direct_display_details": "Direct Display available",
  "display_diags_ovr_direct_capable": 1,
  "display_diags_ovr_direct_available": 1,
  "display_diags_ovr_direct_code": 0,
  "display_diags_ovr_direct_details": "Debug Display available",
  "monitors": [
    {
      "horizontal_active_pixels": 1366,
      "vertical_active_pixels": 768,
      "horizontal_image_size_mm": 522,
      "vertical_image_size_mm": 293
    }
  ],
  "computer_type": "desktop",
  "hardware": {
    "Version": "1.0.0 (Custom Build)",
    "Timestamp": 1707911194,
    "Timestamp_str": "Wed Feb 14 06:46:34 2024 Eastern Standard Time",
    "OverallResult": 1,
    "OverallResult_str": "MINSPEC",
    "CpuList": [
        {
            "Name": "AMD Ryzen 5 5600G with Radeon Graphics         ",
            "Manufacturer": "AuthenticAMD",
            "Level": 25,
            "Model": 80,
            "Stepping": 0,
            "NumberOfCores": 6,
            "NumberOfLogicalProcessors": 12,
            "MaxFrequencyMhz": 3901,
            "Compatibility": 1,
            "Compatibility_str": "MINSPEC",
            "CompatibilityReason": 0,
            "CompatibilityReason_str": "WHITELISTED"
        }
    ],
    "MatchedCpu": {
        "Name": "AMD Ryzen 5 5600G with Radeon Graphics         ",
        "Manufacturer": "AuthenticAMD",
        "Level": 25,
        "Model": 80,
        "Stepping": 0,
        "NumberOfCores": 6,
        "NumberOfLogicalProcessors": 12,
        "MaxFrequencyMhz": 3901,
        "Compatibility": 1,
        "Compatibility_str": "MINSPEC",
        "CompatibilityReason": 0,
        "CompatibilityReason_str": "WHITELISTED"
    },
    "CpuResult": 1,
    "CpuResult_str": "MINSPEC",
    "CpuHelpUrl": "",
    "VideoCardList": [
        {
            "Name": "NVIDIA GeForce RTX 3050",
            "WhitelistName": "NVIDIA GeForce RTX 3060",
            "DriverVersion": "31.0.15.5152",
            "LUID": "0x000000000000d65e",
            "VendorId": 4318,
            "ProductId": 9479,
            "SubsysVendorId": 0,
            "SubsysRevId": 161,
            "VRamMb": 8192,
            "HybridGraphicsStatus": "Success",
            "Compatibility": 0,
            "Compatibility_str": "PASS",
            "IsDriverCompatible": true,
            "PassHybridCheck": true,
            "VulkanCapable": true,
            "total_DVI_port_count": 0,
            "total_HDMI_port_count": 1,
            "total_generic_DisplayPort_port_count": 0,
            "total_internal_DisplayPort_port_count": 0,
            "total_external_DisplayPort_port_count": 3,
            "total_external_mini_DisplayPort_port_count": 0,
            "active_DVI_port_count": 0,
            "active_HDMI_port_count": 1,
            "active_generic_DisplayPort_port_count": 0,
            "active_internal_DisplayPort_port_count": 0,
            "active_external_DisplayPort_port_count": 0,
            "active_external_mini_DisplayPort_port_count": 0
        }
    ],
    "MatchedVideoCard": {
        "Name": "NVIDIA GeForce RTX 3050",
        "WhitelistName": "NVIDIA GeForce RTX 3060",
        "DriverVersion": "31.0.15.5152",
        "LUID": "0x000000000000d65e",
        "VendorId": 4318,
        "ProductId": 9479,
        "SubsysVendorId": 0,
        "SubsysRevId": 161,
        "VRamMb": 8192,
        "HybridGraphicsStatus": "Success",
        "Compatibility": 0,
        "Compatibility_str": "PASS",
        "IsDriverCompatible": true,
        "PassHybridCheck": true,
        "VulkanCapable": true,
        "total_DVI_port_count": 0,
        "total_HDMI_port_count": 1,
        "total_generic_DisplayPort_port_count": 0,
        "total_internal_DisplayPort_port_count": 0,
        "total_external_DisplayPort_port_count": 3,
        "total_external_mini_DisplayPort_port_count": 0,
        "active_DVI_port_count": 0,
        "active_HDMI_port_count": 1,
        "active_generic_DisplayPort_port_count": 0,
        "active_internal_DisplayPort_port_count": 0,
        "active_external_DisplayPort_port_count": 0,
        "active_external_mini_DisplayPort_port_count": 0
    },
    "VideoCardResult": 0,
    "VideoCardResult_str": "PASS",
    "VideoCardHelpUrl": "",
    "RamMb": 16167,
    "RamResult": 0,
    "RamResult_str": "PASS",
    "RamHelpUrl": "",
    "Os": {
        "Name": "Windows 11 64-bit",
        "Is64bit": true,
        "IsServer": false,
        "Version": 8,
        "DetailedInfo": {
            "RtlGetVersion_Loaded": true,
            "RtlGetVersion_Succeeded": true,
            "MajorVersion": 10,
            "MinorVersion": 0,
            "BuildNumber": 22631
        }
    },
    "OsResult": 0,
    "OsResult_str": "PASS",
    "OsResultSpecific": 0,
    "OsResultSpecific_str": "PASS",
    "OsHelpUrl": "",
    "UsbControllerList": [
        {
            "Compatibility": 3,
            "Compatibility_str": "UNKNOWN_USB3",
            "Name": "AMD USB 3.10 eXtensible Host Controller - 1.10 (Microsoft)",
            "VendorId": 4130,
            "ProductId": 5689,
            "UsbMajorVersion": 3,
            "ProgIf": 48,
            "DriverDescription": "USB xHCI Compliant Host Controller",
            "DriverProvider": "Microsoft",
            "DriverVersion": "10.0.22621.2506",
            "MatchedRefernce": {
                "VendorId": -1,
                "ProductId": 0,
                "Os": "Unknown",
                "DriverProviderName": "",
                "DriverVersion": "0.0.0.0"
            }
        },
        {
            "Compatibility": 3,
            "Compatibility_str": "UNKNOWN_USB3",
            "Name": "AMD USB 3.10 eXtensible Host Controller - 1.10 (Microsoft)",
            "VendorId": 4130,
            "ProductId": 17390,
            "UsbMajorVersion": 3,
            "ProgIf": 48,
            "DriverDescription": "USB xHCI Compliant Host Controller",
            "DriverProvider": "Microsoft",
            "DriverVersion": "10.0.22621.2506",
            "MatchedRefernce": {
                "VendorId": -1,
                "ProductId": 0,
                "Os": "Unknown",
                "DriverProviderName": "",
                "DriverVersion": "0.0.0.0"
            }
        },
        {
            "Compatibility": 3,
            "Compatibility_str": "UNKNOWN_USB3",
            "Name": "AMD USB 3.10 eXtensible Host Controller - 1.10 (Microsoft)",
            "VendorId": 4130,
            "ProductId": 5689,
            "UsbMajorVersion": 3,
            "ProgIf": 48,
            "DriverDescription": "USB xHCI Compliant Host Controller",
            "DriverProvider": "Microsoft",
            "DriverVersion": "10.0.22621.2506",
            "MatchedRefernce": {
                "VendorId": -1,
                "ProductId": 0,
                "Os": "Unknown",
                "DriverProviderName": "",
                "DriverVersion": "0.0.0.0"
            }
        }
    ],
    "UsbResult": 0,
    "UsbResult_str": "PASS",
    "UsbResultSpecific": 0,
    "UsbResultSpecific_str": "PASS",
    "UsbMatchedController": {
        "Compatibility": 3,
        "Compatibility_str": "UNKNOWN_USB3",
        "Name": "AMD USB 3.10 eXtensible Host Controller - 1.10 (Microsoft)",
        "VendorId": 4130,
        "ProductId": 5689,
        "UsbMajorVersion": 3,
        "ProgIf": 48,
        "DriverDescription": "USB xHCI Compliant Host Controller",
        "DriverProvider": "Microsoft",
        "DriverVersion": "10.0.22621.2506",
        "MatchedRefernce": {
            "VendorId": -1,
            "ProductId": 0,
            "Os": "Unknown",
            "DriverProviderName": "",
            "DriverVersion": "0.0.0.0"
        }
    },
    "UsbHelpUrl": "",
    "InternalErrors": []
},
  "bsod": [
  ],
  "overall_compat": "MINSPEC",
  "cpu_names": "AMD Ryzen 5 5600G with Radeon Graphics         ",
  "cpu_cores": "6",
  "cpu_compat": "MINSPEC",
  "gpu_names": "NVIDIA GeForce RTX 3050",
  "gpu_whitelist_names": "NVIDIA GeForce RTX 3060",
  "gpu_vram": "8192",
  "gpu_driver": "31.0.15.5152",
  "gpu_compat": "PASS",
  "gpu_pid": "9479",
  "gpu_vid": "4318",
  "gpu_revid": "161",
  "gpu_subsys_vid": "0",
  "gpu_hybrid_result": "Success",
  "gpu_driver_compatible": "1",
  "gpu_pass_hybrid_check": "1",
  "gpu_vulkan_capable": "1",
  "gpu_rec_spec_performance_flags": "0",
  "system_memory": "16167",
  "system_memory_compat": "PASS",
  "os": "Windows 11 64-bit",
  "os_version": "8",
  "os_major": "10",
  "os_minor": "0",
  "os_build": "22631",
  "os_compat": "PASS",
  "usb_compat": "PASS",
  "machine_tags": "",
  "machine_id": "85d4144bbf729989a182a511cc10c0e06c70d71663a971df1cfbe5d098ea90dc",
  "hmd_graphics_adapter_desc": "",
  "hmd_graphics_adapter_vid": "0",
  "hmd_graphics_adapter_pid": "0",
  "hmd_graphics_adapter_vram_mib": "0",
  "hmd_graphics_adapter_driver": "0.0.0.0",
  "hmd_display_system": "None",
  "hmd_display_connector_type": "",
  "hmd_display_dongle_type": "",
  "motherboard_product": "PRIME B550-PLUS AC-HES",
  "motherboard_manufacturer": "ASUSTeK COMPUTER INC.",
  "motherboard_serial": "210889517402830",
  "motherboard_version": "Rev X.0x",
  "is_proximity_active": "0"
},{
  "timestamp": 39.833011,
  "timestamp_epoch": 1707911195.126262,
  "event": "oculus_x360emu_init",
  "pid": "0",
  "time_ms": "0.183500",
  "mode": "1",
  "operating_system": "10",
  "machine_tags": "",
  "machine_id": "85d4144bbf729989a182a511cc10c0e06c70d71663a971df1cfbe5d098ea90dc",
  "is_proximity_active": "0"
},{
  "timestamp": 39.833058,
  "timestamp_epoch": 1707911195.126315,
  "event": "oculus_pc_xrs_mode_change",
  "pid": "0",
  "mode": "detect",
  "machine_tags": "",
  "machine_id": "85d4144bbf729989a182a511cc10c0e06c70d71663a971df1cfbe5d098ea90dc",
  "is_proximity_active": "0"
},{
  "timestamp": 39.833088,
  "timestamp_epoch": 1707911195.126345,
  "event": "oculus_pc_airlink_advertisement_start",
  "pid": "0",
  "service_name": "3f0e9e1837043d8e3739f5deda899749ebaa0144aaa883cf240e1a769553e8b0",
  "machine_tags": "",
  "machine_id": "85d4144bbf729989a182a511cc10c0e06c70d71663a971df1cfbe5d098ea90dc",
  "is_proximity_active": "0"
},{
  "timestamp": 39.833117,
  "timestamp_epoch": 1707911195.126374,
  "event": "oculus_pc_airlink_register_service_advert_start",
  "pid": "0",
  "service_name": "3f0e9e1837043d8e3739f5deda899749ebaa0144aaa883cf240e1a769553e8b0",
  "machine_tags": "",
  "machine_id": "85d4144bbf729989a182a511cc10c0e06c70d71663a971df1cfbe5d098ea90dc",
  "is_proximity_active": "0"
},{
  "timestamp": 39.833139,
  "timestamp_epoch": 1707911195.126396,
  "event": "oculus_pc_airlink_register_service_advert_end",
  "pid": "0",
  "service_name": "365f54266c0974156031ced7a763139ba688899a0027f1beefa593f70177a33f",
  "machine_tags": "",
  "machine_id": "85d4144bbf729989a182a511cc10c0e06c70d71663a971df1cfbe5d098ea90dc",
  "is_proximity_active": "0"
},{
  "timestamp": 39.833160,
  "timestamp_epoch": 1707911195.126417,
  "event": "oculus_pc_airlink_advertisement_start",
  "pid": "0",
  "service_name": "3f0e9e1837043d8e3739f5deda899749ebaa0144aaa883cf240e1a769553e8b0",
  "machine_tags": "",
  "machine_id": "85d4144bbf729989a182a511cc10c0e06c70d71663a971df1cfbe5d098ea90dc",
  "is_proximity_active": "0"
},{
  "timestamp": 39.833180,
  "timestamp_epoch": 1707911195.126438,
  "event": "oculus_pc_airlink_register_service_advert_start",
  "pid": "0",
  "service_name": "3f0e9e1837043d8e3739f5deda899749ebaa0144aaa883cf240e1a769553e8b0",
  "machine_tags": "",
  "machine_id": "85d4144bbf729989a182a511cc10c0e06c70d71663a971df1cfbe5d098ea90dc",
  "is_proximity_active": "0"
},{
  "timestamp": 39.833202,
  "timestamp_epoch": 1707911195.126459,
  "event": "oculus_pc_airlink_register_service_advert_end",
  "pid": "0",
  "service_name": "4a3069dffc0eef69af8271b455b37cc4183718b419a5fe1b2a74cc3d53b6fd5c",
  "machine_tags": "",
  "machine_id": "85d4144bbf729989a182a511cc10c0e06c70d71663a971df1cfbe5d098ea90dc",
  "is_proximity_active": "0"
},{
  "timestamp": 600.957430,
  "timestamp_epoch": 1707911756.250677,
  "event": "oculus_gamepad_stats",
  "pid": "0",
  "count": "0",
  "pressed": "0",
  "machine_tags": "",
  "machine_id": "85d4144bbf729989a182a511cc10c0e06c70d71663a971df1cfbe5d098ea90dc",
  "is_proximity_active": "0"
},{
  "timestamp": 1201.359202,
  "timestamp_epoch": 1707912356.652453,
  "event": "oculus_gamepad_stats",
  "pid": "0",
  "count": "0",
  "pressed": "0",
  "machine_tags": "",
  "machine_id": "85d4144bbf729989a182a511cc10c0e06c70d71663a971df1cfbe5d098ea90dc",
  "is_proximity_active": "0"
},{
  "timestamp": 1218.899992,
  "timestamp_epoch": 1707912374.193243,
  "event": "oculus_xrs_apk_connection_release_duration",
  "pid": "0",
  "release_duration": "0.000007s",
  "machine_tags": "",
  "machine_id": "85d4144bbf729989a182a511cc10c0e06c70d71663a971df1cfbe5d098ea90dc",
  "is_proximity_active": "0"
},{
  "timestamp": 1218.900055,
  "timestamp_epoch": 1707912374.193312,
  "event": "oculus_xrs_pc_usb_connected",
  "pid": "0",
  "machine_tags": "",
  "machine_id": "85d4144bbf729989a182a511cc10c0e06c70d71663a971df1cfbe5d098ea90dc",
  "is_proximity_active": "0"
},{
  "timestamp": 1218.900080,
  "timestamp_epoch": 1707912374.193338,
  "event": "oculus_pc_xrs_connection_connected",
  "pid": "0",
  "machine_tags": "",
  "machine_id": "85d4144bbf729989a182a511cc10c0e06c70d71663a971df1cfbe5d098ea90dc",
  "is_proximity_active": "0"
},{
  "timestamp": 1218.900116,
  "timestamp_epoch": 1707912374.193372,
  "event": "oculus_pc_xrs_session_handler_process_invite_request",
  "pid": "0",
  "session_type": "basic",
  "originated_from": "pc",
  "pid": "13048",
  "transmission_type": "USB2",
  "machine_tags": "",
  "machine_id": "85d4144bbf729989a182a511cc10c0e06c70d71663a971df1cfbe5d098ea90dc",
  "is_proximity_active": "0"
},{
  "timestamp": 1219.921998,
  "timestamp_epoch": 1707912375.215249,
  "event": "oculus_pc_xrs_session_handler_session_will_initialize",
  "pid": "0",
  "session_type": "basic",
  "originated_from": "pc",
  "pid": "13048",
  "transmission_type": "USB2",
  "machine_tags": "",
  "machine_id": "85d4144bbf729989a182a511cc10c0e06c70d71663a971df1cfbe5d098ea90dc",
  "is_proximity_active": "0"
},{
  "timestamp": 1219.922063,
  "timestamp_epoch": 1707912375.215320,
  "event": "oculus_pc_xrs_mode_change",
  "pid": "0",
  "mode": "on",
  "machine_tags": "",
  "machine_id": "85d4144bbf729989a182a511cc10c0e06c70d71663a971df1cfbe5d098ea90dc",
  "is_proximity_active": "0"
},{
  "timestamp": 1219.922113,
  "timestamp_epoch": 1707912375.215370,
  "event": "oculus_pc_xrs_session_started_event",
  "pid": "0",
  "usb_controller_pid": "4130",
  "session_type": "basic",
  "usb_controller_vid": "4130",
  "machine_tags": "",
  "machine_id": "85d4144bbf729989a182a511cc10c0e06c70d71663a971df1cfbe5d098ea90dc",
  "is_proximity_active": "0"
},{
  "timestamp": 1219.922146,
  "timestamp_epoch": 1707912375.215402,
  "event": "oculus_xrs_usb_create_failure",
  "pid": "0",
  "error": "5",
  "getlasterror": "5",
  "machine_tags": "",
  "machine_id": "85d4144bbf729989a182a511cc10c0e06c70d71663a971df1cfbe5d098ea90dc",
  "is_proximity_active": "0"
},{
  "timestamp": 1220.932276,
  "timestamp_epoch": 1707912376.225527,
  "event": "oculus_xrs_usb_create_failure",
  "pid": "0",
  "error": "5",
  "getlasterror": "5",
  "machine_tags": "",
  "machine_id": "85d4144bbf729989a182a511cc10c0e06c70d71663a971df1cfbe5d098ea90dc",
  "is_proximity_active": "0"
},{
  "timestamp": 1266.888003,
  "timestamp_epoch": 1707912422.181254,
  "event": "oculus_pc_xrs_participant_did_terminate",
  "pid": "0",
  "is_usb_still_attached": "true",
  "termination_reason": "flaky_cable",
  "machine_tags": "",
  "machine_id": "85d4144bbf729989a182a511cc10c0e06c70d71663a971df1cfbe5d098ea90dc",
  "is_proximity_active": "0"
},{
  "timestamp": 1266.888075,
  "timestamp_epoch": 1707912422.181332,
  "event": "oculus_xrs_pc_usb_disconnected",
  "pid": "0",
  "machine_tags": "",
  "machine_id": "85d4144bbf729989a182a511cc10c0e06c70d71663a971df1cfbe5d098ea90dc",
  "is_proximity_active": "0"
},{
  "timestamp": 1266.888113,
  "timestamp_epoch": 1707912422.181369,
  "event": "oculus_pc_xrs_session_handler_session_did_terminate",
  "pid": "0",
  "transmission_type": "USB2",
  "termination_reason": "flaky_cable",
  "session_type": "basic",
  "originated_from": "pc",
  "pid": "13048",
  "machine_tags": "",
  "machine_id": "85d4144bbf729989a182a511cc10c0e06c70d71663a971df1cfbe5d098ea90dc",
  "is_proximity_active": "0"
},{
  "timestamp": 1266.888142,
  "timestamp_epoch": 1707912422.181400,
  "event": "oculus_xrs_pc_usbwatcher_disconnected",
  "pid": "0",
  "machine_tags": "",
  "machine_id": "85d4144bbf729989a182a511cc10c0e06c70d71663a971df1cfbe5d098ea90dc",
  "is_proximity_active": "0"
},{
  "timestamp": 1266.888166,
  "timestamp_epoch": 1707912422.181424,
  "event": "oculus_xrs_pc_usbwatcher_disconnected",
  "pid": "0",
  "machine_tags": "",
  "machine_id": "85d4144bbf729989a182a511cc10c0e06c70d71663a971df1cfbe5d098ea90dc",
  "is_proximity_active": "0"
},{
  "timestamp": 1266.888191,
  "timestamp_epoch": 1707912422.181449,
  "event": "oculus_xrs_pc_usbwatcher_disconnected",
  "pid": "0",
  "machine_tags": "",
  "machine_id": "85d4144bbf729989a182a511cc10c0e06c70d71663a971df1cfbe5d098ea90dc",
  "is_proximity_active": "0"
},{
  "timestamp": 1266.888214,
  "timestamp_epoch": 1707912422.181472,
  "event": "oculus_xrs_pc_usbwatcher_disconnected",
  "pid": "0",
  "machine_tags": "",
  "machine_id": "85d4144bbf729989a182a511cc10c0e06c70d71663a971df1cfbe5d098ea90dc",
  "is_proximity_active": "0"
},{
  "timestamp": 1266.888239,
  "timestamp_epoch": 1707912422.181496,
  "event": "oculus_xrs_pc_usbwatcher_disconnected",
  "pid": "0",
  "machine_tags": "",
  "machine_id": "85d4144bbf729989a182a511cc10c0e06c70d71663a971df1cfbe5d098ea90dc",
  "is_proximity_active": "0"
},{
  "timestamp": 1266.888262,
  "timestamp_epoch": 1707912422.181519,
  "event": "oculus_xrs_pc_usbwatcher_disconnected",
  "pid": "0",
  "machine_tags": "",
  "machine_id": "85d4144bbf729989a182a511cc10c0e06c70d71663a971df1cfbe5d098ea90dc",
  "is_proximity_active": "0"
},{
  "timestamp": 1266.888288,
  "timestamp_epoch": 1707912422.181546,
  "event": "oculus_xrs_pc_usbwatcher_disconnected",
  "pid": "0",
  "machine_tags": "",
  "machine_id": "85d4144bbf729989a182a511cc10c0e06c70d71663a971df1cfbe5d098ea90dc",
  "is_proximity_active": "0"
},{
  "timestamp": 1266.888315,
  "timestamp_epoch": 1707912422.181571,
  "event": "oculus_xrs_pc_usbwatcher_disconnected",
  "pid": "0",
  "machine_tags": "",
  "machine_id": "85d4144bbf729989a182a511cc10c0e06c70d71663a971df1cfbe5d098ea90dc",
  "is_proximity_active": "0"
},{
  "timestamp": 1266.888340,
  "timestamp_epoch": 1707912422.181597,
  "event": "oculus_xrs_pc_usbwatcher_disconnected",
  "pid": "0",
  "machine_tags": "",
  "machine_id": "85d4144bbf729989a182a511cc10c0e06c70d71663a971df1cfbe5d098ea90dc",
  "is_proximity_active": "0"
},{
  "timestamp": 1266.888378,
  "timestamp_epoch": 1707912422.181635,
  "event": "oculus_pc_xrs_session_termination_event",
  "pid": "0",
  "usb_controlled_id": "",
  "disconnect_reason": "device error",
  "session_type": "basic",
  "usb_speed": "usb2",
  "machine_tags": "",
  "machine_id": "85d4144bbf729989a182a511cc10c0e06c70d71663a971df1cfbe5d098ea90dc",
  "is_proximity_active": "0"
},{
  "timestamp": 1266.888405,
  "timestamp_epoch": 1707912422.181662,
  "event": "oculus_xrs_apk_connection_release_duration",
  "pid": "0",
  "release_duration": "0.000002s",
  "machine_tags": "",
  "machine_id": "85d4144bbf729989a182a511cc10c0e06c70d71663a971df1cfbe5d098ea90dc",
  "is_proximity_active": "0"
},{
  "timestamp": 1266.888433,
  "timestamp_epoch": 1707912422.181690,
  "event": "oculus_pc_xrs_connection_disconnected",
  "pid": "0",
  "machine_tags": "",
  "machine_id": "85d4144bbf729989a182a511cc10c0e06c70d71663a971df1cfbe5d098ea90dc",
  "is_proximity_active": "0"
},{
  "timestamp": 1266.888457,
  "timestamp_epoch": 1707912422.181715,
  "event": "oculus_xrs_apk_connection_release_duration",
  "pid": "0",
  "release_duration": "0.000003s",
  "machine_tags": "",
  "machine_id": "85d4144bbf729989a182a511cc10c0e06c70d71663a971df1cfbe5d098ea90dc",
  "is_proximity_active": "0"
},{
  "timestamp": 1277.016110,
  "timestamp_epoch": 1707912432.309360,
  "event": "oculus_xrs_apk_connection_release_duration",
  "pid": "0",
  "release_duration": "0.000004s",
  "machine_tags": "",
  "machine_id": "85d4144bbf729989a182a511cc10c0e06c70d71663a971df1cfbe5d098ea90dc",
  "is_proximity_active": "0"
},{
  "timestamp": 1277.016201,
  "timestamp_epoch": 1707912432.309454,
  "event": "oculus_xrs_pc_usb_connected",
  "pid": "0",
  "machine_tags": "",
  "machine_id": "85d4144bbf729989a182a511cc10c0e06c70d71663a971df1cfbe5d098ea90dc",
  "is_proximity_active": "0"
},{
  "timestamp": 1277.016232,
  "timestamp_epoch": 1707912432.309488,
  "event": "oculus_pc_xrs_connection_connected",
  "pid": "0",
  "machine_tags": "",
  "machine_id": "85d4144bbf729989a182a511cc10c0e06c70d71663a971df1cfbe5d098ea90dc",
  "is_proximity_active": "0"
},{
  "timestamp": 1277.016303,
  "timestamp_epoch": 1707912432.309553,
  "event": "oculus_pc_xrs_session_handler_process_invite_request",
  "pid": "0",
  "session_type": "basic",
  "originated_from": "pc",
  "pid": "13048",
  "transmission_type": "USB2",
  "machine_tags": "",
  "machine_id": "85d4144bbf729989a182a511cc10c0e06c70d71663a971df1cfbe5d098ea90dc",
  "is_proximity_active": "0"
},{
  "timestamp": 1277.016380,
  "timestamp_epoch": 1707912432.309631,
  "event": "oculus_pc_xrs_session_handler_session_will_initialize",
  "pid": "0",
  "session_type": "basic",
  "originated_from": "pc",
  "pid": "13048",
  "transmission_type": "USB2",
  "machine_tags": "",
  "machine_id": "85d4144bbf729989a182a511cc10c0e06c70d71663a971df1cfbe5d098ea90dc",
  "is_proximity_active": "0"
},{
  "timestamp": 1277.016445,
  "timestamp_epoch": 1707912432.309701,
  "event": "oculus_pc_xrs_mode_change",
  "pid": "0",
  "mode": "on",
  "machine_tags": "",
  "machine_id": "85d4144bbf729989a182a511cc10c0e06c70d71663a971df1cfbe5d098ea90dc",
  "is_proximity_active": "0"
},{
  "timestamp": 1277.016507,
  "timestamp_epoch": 1707912432.309761,
  "event": "oculus_pc_xrs_session_started_event",
  "pid": "0",
  "usb_controller_pid": "4130",
  "session_type": "basic",
  "usb_controller_vid": "4130",
  "machine_tags": "",
  "machine_id": "85d4144bbf729989a182a511cc10c0e06c70d71663a971df1cfbe5d098ea90dc",
  "is_proximity_active": "0"
},{
  "timestamp": 1278.032797,
  "timestamp_epoch": 1707912433.326046,
  "event": "oculus_xrs_usb_create_failure",
  "pid": "0",
  "error": "5",
  "getlasterror": "5",
  "machine_tags": "",
  "machine_id": "85d4144bbf729989a182a511cc10c0e06c70d71663a971df1cfbe5d098ea90dc",
  "is_proximity_active": "0"
},{
  "timestamp": 1279.041838,
  "timestamp_epoch": 1707912434.335090,
  "event": "oculus_xrs_usb_create_failure",
  "pid": "0",
  "error": "5",
  "getlasterror": "5",
  "machine_tags": "",
  "machine_id": "85d4144bbf729989a182a511cc10c0e06c70d71663a971df1cfbe5d098ea90dc",
  "is_proximity_active": "0"
},{
  "timestamp": 1324.608279,
  "timestamp_epoch": 1707912479.901525,
  "event": "oculus_pc_xrs_session_handler_session_did_terminate",
  "pid": "0",
  "transmission_type": "USB2",
  "termination_reason": "not_terminated",
  "session_type": "basic",
  "originated_from": "pc",
  "pid": "13048",
  "machine_tags": "",
  "machine_id": "85d4144bbf729989a182a511cc10c0e06c70d71663a971df1cfbe5d098ea90dc",
  "is_proximity_active": "0"
},{
  "timestamp": 1324.608383,
  "timestamp_epoch": 1707912479.901639,
  "event": "oculus_pc_xrs_participant_did_terminate",
  "pid": "0",
  "is_usb_still_attached": "true",
  "termination_reason": "graceful_shutdown_self",
  "machine_tags": "",
  "machine_id": "85d4144bbf729989a182a511cc10c0e06c70d71663a971df1cfbe5d098ea90dc",
  "is_proximity_active": "0"
},{
  "timestamp": 1324.608423,
  "timestamp_epoch": 1707912479.901678,
  "event": "oculus_xrs_pc_usb_disconnected",
  "pid": "0",
  "machine_tags": "",
  "machine_id": "85d4144bbf729989a182a511cc10c0e06c70d71663a971df1cfbe5d098ea90dc",
  "is_proximity_active": "0"
},{
  "timestamp": 1324.608494,
  "timestamp_epoch": 1707912479.901720,
  "event": "oculus_pc_xrs_session_termination_event",
  "pid": "0",
  "usb_controlled_id": "",
  "disconnect_reason": "session ended by self",
  "session_type": "basic",
  "usb_speed": "usb2",
  "machine_tags": "",
  "machine_id": "85d4144bbf729989a182a511cc10c0e06c70d71663a971df1cfbe5d098ea90dc",
  "is_proximity_active": "0"
},{
  "timestamp": 1324.608546,
  "timestamp_epoch": 1707912479.901803,
  "event": "oculus_xrs_apk_connection_release_duration",
  "pid": "0",
  "release_duration": "0.000004s",
  "machine_tags": "",
  "machine_id": "85d4144bbf729989a182a511cc10c0e06c70d71663a971df1cfbe5d098ea90dc",
  "is_proximity_active": "0"
},{
  "timestamp": 1324.608574,
  "timestamp_epoch": 1707912479.901832,
  "event": "oculus_xrs_pc_usb_connected",
  "pid": "0",
  "machine_tags": "",
  "machine_id": "85d4144bbf729989a182a511cc10c0e06c70d71663a971df1cfbe5d098ea90dc",
  "is_proximity_active": "0"
},{
  "timestamp": 1324.608614,
  "timestamp_epoch": 1707912479.901870,
  "event": "oculus_pc_xrs_connection_updated",
  "pid": "0",
  "machine_tags": "",
  "machine_id": "85d4144bbf729989a182a511cc10c0e06c70d71663a971df1cfbe5d098ea90dc",
  "is_proximity_active": "0"
},{
  "timestamp": 1324.608645,
  "timestamp_epoch": 1707912479.901901,
  "event": "oculus_pc_xrs_session_handler_process_invite_request",
  "pid": "0",
  "session_type": "streaming",
  "originated_from": "pc",
  "pid": "13048",
  "transmission_type": "USB2",
  "machine_tags": "",
  "machine_id": "85d4144bbf729989a182a511cc10c0e06c70d71663a971df1cfbe5d098ea90dc",
  "is_proximity_active": "0"
},{
  "timestamp": 1324.608673,
  "timestamp_epoch": 1707912479.901930,
  "event": "oculus_pc_xrs_session_handler_session_will_initialize",
  "pid": "0",
  "session_type": "streaming",
  "originated_from": "pc",
  "pid": "13048",
  "transmission_type": "USB2",
  "machine_tags": "",
  "machine_id": "85d4144bbf729989a182a511cc10c0e06c70d71663a971df1cfbe5d098ea90dc",
  "is_proximity_active": "0"
},{
  "timestamp": 1324.608700,
  "timestamp_epoch": 1707912479.901957,
  "event": "oculus_pc_xrs_session_started_event",
  "pid": "0",
  "usb_controller_pid": "4130",
  "session_type": "streaming",
  "usb_controller_vid": "4130",
  "machine_tags": "",
  "machine_id": "85d4144bbf729989a182a511cc10c0e06c70d71663a971df1cfbe5d098ea90dc",
  "is_proximity_active": "0"
},{
  "timestamp": 1326.084627,
  "timestamp_epoch": 1707912481.377874,
  "event": "oculus_xrs_usb_create_failure",
  "pid": "0",
  "error": "5",
  "getlasterror": "5",
  "machine_tags": "",
  "machine_id": "85d4144bbf729989a182a511cc10c0e06c70d71663a971df1cfbe5d098ea90dc",
  "is_proximity_active": "1"
},{
  "timestamp": 1326.599092,
  "timestamp_epoch": 1707912481.892343,
  "event": "oculus_pc_xrs_stats_event",
  "pid": "0",
  "transmission_type": "USB2",
  "encode_width": "3680",
  "encode_height": "1920",
  "fps": "72",
  "codec": "AVC",
  "num_slices": "5",
  "dynamic_bitrate_enabled": "0",
  "connected_hmd_type": "HMD Quest 2",
  "hmd_os_build_number": "50765700054900150",
  "machine_tags": "",
  "machine_id": "85d4144bbf729989a182a511cc10c0e06c70d71663a971df1cfbe5d098ea90dc",
  "is_proximity_active": "1"
},{
  "timestamp": 1326.599180,
  "timestamp_epoch": 1707912481.892436,
  "event": "oculus_pc_xrs_participant_did_terminate",
  "pid": "0",
  "is_usb_still_attached": "true",
  "termination_reason": "flaky_cable",
  "machine_tags": "",
  "machine_id": "85d4144bbf729989a182a511cc10c0e06c70d71663a971df1cfbe5d098ea90dc",
  "is_proximity_active": "0"
},{
  "timestamp": 1326.599211,
  "timestamp_epoch": 1707912481.892468,
  "event": "oculus_xrs_pc_usb_disconnected",
  "pid": "0",
  "machine_tags": "",
  "machine_id": "85d4144bbf729989a182a511cc10c0e06c70d71663a971df1cfbe5d098ea90dc",
  "is_proximity_active": "0"
},{
  "timestamp": 1326.599245,
  "timestamp_epoch": 1707912481.892502,
  "event": "oculus_pc_xrs_session_handler_session_did_terminate",
  "pid": "0",
  "transmission_type": "USB2",
  "is_usb_still_attached": "true",
  "termination_reason": "flaky_cable",
  "session_type": "streaming",
  "originated_from": "pc",
  "pid": "13048",
  "machine_tags": "",
  "machine_id": "85d4144bbf729989a182a511cc10c0e06c70d71663a971df1cfbe5d098ea90dc",
  "is_proximity_active": "0"
},{
  "timestamp": 1326.599268,
  "timestamp_epoch": 1707912481.892526,
  "event": "oculus_xrs_pc_usb_connected",
  "pid": "0",
  "machine_tags": "",
  "machine_id": "85d4144bbf729989a182a511cc10c0e06c70d71663a971df1cfbe5d098ea90dc",
  "is_proximity_active": "0"
},{
  "timestamp": 1326.599290,
  "timestamp_epoch": 1707912481.892547,
  "event": "oculus_xrs_pc_usb_disconnected",
  "pid": "0",
  "machine_tags": "",
  "machine_id": "85d4144bbf729989a182a511cc10c0e06c70d71663a971df1cfbe5d098ea90dc",
  "is_proximity_active": "1"
},{
  "timestamp": 1326.599312,
  "timestamp_epoch": 1707912481.892570,
  "event": "oculus_xrs_pc_usb_connected",
  "pid": "0",
  "machine_tags": "",
  "machine_id": "85d4144bbf729989a182a511cc10c0e06c70d71663a971df1cfbe5d098ea90dc",
  "is_proximity_active": "1"
},{
  "timestamp": 1326.599334,
  "timestamp_epoch": 1707912481.892591,
  "event": "oculus_xrs_pc_usb_disconnected",
  "pid": "0",
  "machine_tags": "",
  "machine_id": "85d4144bbf729989a182a511cc10c0e06c70d71663a971df1cfbe5d098ea90dc",
  "is_proximity_active": "1"
},{
  "timestamp": 1330.689678,
  "timestamp_epoch": 1707912485.982926,
  "event": "oculus_controller_event",
  "pid": "0",
  "controller_event": "active",
  "controller_type": "rtouch",
  "machine_tags": "",
  "machine_id": "85d4144bbf729989a182a511cc10c0e06c70d71663a971df1cfbe5d098ea90dc",
  "is_proximity_active": "1"
},{
  "timestamp": 1366.589603,
  "timestamp_epoch": 1707912521.882855,
  "event": "oculus_xrs_pc_usbwatcher_disconnected",
  "pid": "0",
  "machine_tags": "",
  "machine_id": "85d4144bbf729989a182a511cc10c0e06c70d71663a971df1cfbe5d098ea90dc",
  "is_proximity_active": "1"
},{
  "timestamp": 1366.589655,
  "timestamp_epoch": 1707912521.882912,
  "event": "oculus_xrs_pc_usbwatcher_disconnected",
  "pid": "0",
  "machine_tags": "",
  "machine_id": "85d4144bbf729989a182a511cc10c0e06c70d71663a971df1cfbe5d098ea90dc",
  "is_proximity_active": "1"
},{
  "timestamp": 1366.589681,
  "timestamp_epoch": 1707912521.882939,
  "event": "oculus_xrs_pc_usbwatcher_disconnected",
  "pid": "0",
  "machine_tags": "",
  "machine_id": "85d4144bbf729989a182a511cc10c0e06c70d71663a971df1cfbe5d098ea90dc",
  "is_proximity_active": "1"
},{
  "timestamp": 1366.589704,
  "timestamp_epoch": 1707912521.882962,
  "event": "oculus_xrs_pc_usbwatcher_disconnected",
  "pid": "0",
  "machine_tags": "",
  "machine_id": "85d4144bbf729989a182a511cc10c0e06c70d71663a971df1cfbe5d098ea90dc",
  "is_proximity_active": "1"
},{
  "timestamp": 1366.589727,
  "timestamp_epoch": 1707912521.882985,
  "event": "oculus_xrs_pc_usbwatcher_disconnected",
  "pid": "0",
  "machine_tags": "",
  "machine_id": "85d4144bbf729989a182a511cc10c0e06c70d71663a971df1cfbe5d098ea90dc",
  "is_proximity_active": "1"
},{
  "timestamp": 1366.589748,
  "timestamp_epoch": 1707912521.883006,
  "event": "oculus_xrs_pc_usbwatcher_disconnected",
  "pid": "0",
  "machine_tags": "",
  "machine_id": "85d4144bbf729989a182a511cc10c0e06c70d71663a971df1cfbe5d098ea90dc",
  "is_proximity_active": "1"
},{
  "timestamp": 1366.589814,
  "timestamp_epoch": 1707912521.883070,
  "event": "oculus_xrs_pc_usbwatcher_disconnected",
  "pid": "0",
  "machine_tags": "",
  "machine_id": "85d4144bbf729989a182a511cc10c0e06c70d71663a971df1cfbe5d098ea90dc",
  "is_proximity_active": "1"
},{
  "timestamp": 1366.589842,
  "timestamp_epoch": 1707912521.883100,
  "event": "oculus_xrs_pc_usbwatcher_disconnected",
  "pid": "0",
  "machine_tags": "",
  "machine_id": "85d4144bbf729989a182a511cc10c0e06c70d71663a971df1cfbe5d098ea90dc",
  "is_proximity_active": "1"
},{
  "timestamp": 1366.589867,
  "timestamp_epoch": 1707912521.883125,
  "event": "oculus_xrs_pc_usbwatcher_disconnected",
  "pid": "0",
  "machine_tags": "",
  "machine_id": "85d4144bbf729989a182a511cc10c0e06c70d71663a971df1cfbe5d098ea90dc",
  "is_proximity_active": "1"
}