[{
  "timestamp": 35.224009,
  "timestamp_epoch": 1707856088.568886,
  "event": "oculus_service_start",
  "service": "1.94.0",
  "display_diags_status": "Passed",
  "display_diags_status_value": 0,
  "display_diags_active_display_system": "None",
  "display_diags_dxgi2_preview_capable": 1,
  "display_diags_dxgi2_preview_available": 0,
  "display_diags_dxgi2_preview_code": -3019,
  "display_diags_dxgi2_preview_details": "Failed during detection of DXGI 2 Preview",
  "display_diags_direct_display_capable": 1,
  "display_diags_direct_display_available": 1,
  "display_diags_direct_display_code": 0,
  "display_diags_direct_display_details": "Direct Display available",
  "display_diags_ovr_direct_capable": 1,
  "display_diags_ovr_direct_available": 1,
  "display_diags_ovr_direct_code": 0,
  "display_diags_ovr_direct_details": "Debug Display available",
  "monitors": [
    {
      "horizontal_active_pixels": 1366,
      "vertical_active_pixels": 768,
      "horizontal_image_size_mm": 522,
      "vertical_image_size_mm": 293
    }
  ],
  "computer_type": "desktop",
  "hardware": {
    "Version": "1.0.0 (Custom Build)",
    "Timestamp": 1707856088,
    "Timestamp_str": "Tue Feb 13 15:28:08 2024 Eastern Standard Time",
    "OverallResult": 1,
    "OverallResult_str": "MINSPEC",
    "CpuList": [
        {
            "Name": "AMD Ryzen 5 5600G with Radeon Graphics         ",
            "Manufacturer": "AuthenticAMD",
            "Level": 25,
            "Model": 80,
            "Stepping": 0,
            "NumberOfCores": 6,
            "NumberOfLogicalProcessors": 12,
            "MaxFrequencyMhz": 3901,
            "Compatibility": 1,
            "Compatibility_str": "MINSPEC",
            "CompatibilityReason": 0,
            "CompatibilityReason_str": "WHITELISTED"
        }
    ],
    "MatchedCpu": {
        "Name": "AMD Ryzen 5 5600G with Radeon Graphics         ",
        "Manufacturer": "AuthenticAMD",
        "Level": 25,
        "Model": 80,
        "Stepping": 0,
        "NumberOfCores": 6,
        "NumberOfLogicalProcessors": 12,
        "MaxFrequencyMhz": 3901,
        "Compatibility": 1,
        "Compatibility_str": "MINSPEC",
        "CompatibilityReason": 0,
        "CompatibilityReason_str": "WHITELISTED"
    },
    "CpuResult": 1,
    "CpuResult_str": "MINSPEC",
    "CpuHelpUrl": "",
    "VideoCardList": [
        {
            "Name": "NVIDIA GeForce RTX 3050",
            "WhitelistName": "NVIDIA GeForce RTX 3060",
            "DriverVersion": "31.0.15.5132",
            "LUID": "0x000000000000d6e6",
            "VendorId": 4318,
            "ProductId": 9479,
            "SubsysVendorId": 0,
            "SubsysRevId": 161,
            "VRamMb": 8192,
            "HybridGraphicsStatus": "Success",
            "Compatibility": 0,
            "Compatibility_str": "PASS",
            "IsDriverCompatible": true,
            "PassHybridCheck": true,
            "VulkanCapable": true,
            "total_DVI_port_count": 0,
            "total_HDMI_port_count": 1,
            "total_generic_DisplayPort_port_count": 0,
            "total_internal_DisplayPort_port_count": 0,
            "total_external_DisplayPort_port_count": 3,
            "total_external_mini_DisplayPort_port_count": 0,
            "active_DVI_port_count": 0,
            "active_HDMI_port_count": 1,
            "active_generic_DisplayPort_port_count": 0,
            "active_internal_DisplayPort_port_count": 0,
            "active_external_DisplayPort_port_count": 0,
            "active_external_mini_DisplayPort_port_count": 0
        }
    ],
    "MatchedVideoCard": {
        "Name": "NVIDIA GeForce RTX 3050",
        "WhitelistName": "NVIDIA GeForce RTX 3060",
        "DriverVersion": "31.0.15.5132",
        "LUID": "0x000000000000d6e6",
        "VendorId": 4318,
        "ProductId": 9479,
        "SubsysVendorId": 0,
        "SubsysRevId": 161,
        "VRamMb": 8192,
        "HybridGraphicsStatus": "Success",
        "Compatibility": 0,
        "Compatibility_str": "PASS",
        "IsDriverCompatible": true,
        "PassHybridCheck": true,
        "VulkanCapable": true,
        "total_DVI_port_count": 0,
        "total_HDMI_port_count": 1,
        "total_generic_DisplayPort_port_count": 0,
        "total_internal_DisplayPort_port_count": 0,
        "total_external_DisplayPort_port_count": 3,
        "total_external_mini_DisplayPort_port_count": 0,
        "active_DVI_port_count": 0,
        "active_HDMI_port_count": 1,
        "active_generic_DisplayPort_port_count": 0,
        "active_internal_DisplayPort_port_count": 0,
        "active_external_DisplayPort_port_count": 0,
        "active_external_mini_DisplayPort_port_count": 0
    },
    "VideoCardResult": 0,
    "VideoCardResult_str": "PASS",
    "VideoCardHelpUrl": "",
    "RamMb": 16167,
    "RamResult": 0,
    "RamResult_str": "PASS",
    "RamHelpUrl": "",
    "Os": {
        "Name": "Windows 11 64-bit",
        "Is64bit": true,
        "IsServer": false,
        "Version": 8,
        "DetailedInfo": {
            "RtlGetVersion_Loaded": true,
            "RtlGetVersion_Succeeded": true,
            "MajorVersion": 10,
            "MinorVersion": 0,
            "BuildNumber": 22621
        }
    },
    "OsResult": 0,
    "OsResult_str": "PASS",
    "OsResultSpecific": 0,
    "OsResultSpecific_str": "PASS",
    "OsHelpUrl": "",
    "UsbControllerList": [
        {
            "Compatibility": 3,
            "Compatibility_str": "UNKNOWN_USB3",
            "Name": "AMD USB 3.10 eXtensible Host Controller - 1.10 (Microsoft)",
            "VendorId": 4130,
            "ProductId": 5689,
            "UsbMajorVersion": 3,
            "ProgIf": 48,
            "DriverDescription": "USB xHCI Compliant Host Controller",
            "DriverProvider": "Microsoft",
            "DriverVersion": "10.0.22621.2506",
            "MatchedRefernce": {
                "VendorId": -1,
                "ProductId": 0,
                "Os": "Unknown",
                "DriverProviderName": "",
                "DriverVersion": "0.0.0.0"
            }
        },
        {
            "Compatibility": 3,
            "Compatibility_str": "UNKNOWN_USB3",
            "Name": "AMD USB 3.10 eXtensible Host Controller - 1.10 (Microsoft)",
            "VendorId": 4130,
            "ProductId": 17390,
            "UsbMajorVersion": 3,
            "ProgIf": 48,
            "DriverDescription": "USB xHCI Compliant Host Controller",
            "DriverProvider": "Microsoft",
            "DriverVersion": "10.0.22621.2506",
            "MatchedRefernce": {
                "VendorId": -1,
                "ProductId": 0,
                "Os": "Unknown",
                "DriverProviderName": "",
                "DriverVersion": "0.0.0.0"
            }
        },
        {
            "Compatibility": 3,
            "Compatibility_str": "UNKNOWN_USB3",
            "Name": "AMD USB 3.10 eXtensible Host Controller - 1.10 (Microsoft)",
            "VendorId": 4130,
            "ProductId": 5689,
            "UsbMajorVersion": 3,
            "ProgIf": 48,
            "DriverDescription": "USB xHCI Compliant Host Controller",
            "DriverProvider": "Microsoft",
            "DriverVersion": "10.0.22621.2506",
            "MatchedRefernce": {
                "VendorId": -1,
                "ProductId": 0,
                "Os": "Unknown",
                "DriverProviderName": "",
                "DriverVersion": "0.0.0.0"
            }
        }
    ],
    "UsbResult": 0,
    "UsbResult_str": "PASS",
    "UsbResultSpecific": 0,
    "UsbResultSpecific_str": "PASS",
    "UsbMatchedController": {
        "Compatibility": 3,
        "Compatibility_str": "UNKNOWN_USB3",
        "Name": "AMD USB 3.10 eXtensible Host Controller - 1.10 (Microsoft)",
        "VendorId": 4130,
        "ProductId": 5689,
        "UsbMajorVersion": 3,
        "ProgIf": 48,
        "DriverDescription": "USB xHCI Compliant Host Controller",
        "DriverProvider": "Microsoft",
        "DriverVersion": "10.0.22621.2506",
        "MatchedRefernce": {
            "VendorId": -1,
            "ProductId": 0,
            "Os": "Unknown",
            "DriverProviderName": "",
            "DriverVersion": "0.0.0.0"
        }
    },
    "UsbHelpUrl": "",
    "InternalErrors": []
},
  "bsod": [
  ],
  "overall_compat": "MINSPEC",
  "cpu_names": "AMD Ryzen 5 5600G with Radeon Graphics         ",
  "cpu_cores": "6",
  "cpu_compat": "MINSPEC",
  "gpu_names": "NVIDIA GeForce RTX 3050",
  "gpu_whitelist_names": "NVIDIA GeForce RTX 3060",
  "gpu_vram": "8192",
  "gpu_driver": "31.0.15.5132",
  "gpu_compat": "PASS",
  "gpu_pid": "9479",
  "gpu_vid": "4318",
  "gpu_revid": "161",
  "gpu_subsys_vid": "0",
  "gpu_hybrid_result": "Success",
  "gpu_driver_compatible": "1",
  "gpu_pass_hybrid_check": "1",
  "gpu_vulkan_capable": "1",
  "gpu_rec_spec_performance_flags": "0",
  "system_memory": "16167",
  "system_memory_compat": "PASS",
  "os": "Windows 11 64-bit",
  "os_version": "8",
  "os_major": "10",
  "os_minor": "0",
  "os_build": "22621",
  "os_compat": "PASS",
  "usb_compat": "PASS",
  "machine_tags": "",
  "machine_id": "85d4144bbf729989a182a511cc10c0e06c70d71663a971df1cfbe5d098ea90dc",
  "hmd_graphics_adapter_desc": "",
  "hmd_graphics_adapter_vid": "0",
  "hmd_graphics_adapter_pid": "0",
  "hmd_graphics_adapter_vram_mib": "0",
  "hmd_graphics_adapter_driver": "0.0.0.0",
  "hmd_display_system": "None",
  "hmd_display_connector_type": "",
  "hmd_display_dongle_type": "",
  "motherboard_product": "PRIME B550-PLUS AC-HES",
  "motherboard_manufacturer": "ASUSTeK COMPUTER INC.",
  "motherboard_serial": "210889517402830",
  "motherboard_version": "Rev X.0x",
  "is_proximity_active": "0"
},{
  "timestamp": 35.726331,
  "timestamp_epoch": 1707856089.071213,
  "event": "oculus_x360emu_init",
  "pid": "0",
  "time_ms": "0.202700",
  "mode": "1",
  "operating_system": "10",
  "machine_tags": "",
  "machine_id": "85d4144bbf729989a182a511cc10c0e06c70d71663a971df1cfbe5d098ea90dc",
  "is_proximity_active": "0"
},{
  "timestamp": 35.726373,
  "timestamp_epoch": 1707856089.071259,
  "event": "oculus_pc_xrs_mode_change",
  "pid": "0",
  "mode": "detect",
  "machine_tags": "",
  "machine_id": "85d4144bbf729989a182a511cc10c0e06c70d71663a971df1cfbe5d098ea90dc",
  "is_proximity_active": "0"
},{
  "timestamp": 35.726400,
  "timestamp_epoch": 1707856089.071287,
  "event": "oculus_pc_airlink_advertisement_start",
  "pid": "0",
  "service_name": "3f0e9e1837043d8e3739f5deda899749ebaa0144aaa883cf240e1a769553e8b0",
  "machine_tags": "",
  "machine_id": "85d4144bbf729989a182a511cc10c0e06c70d71663a971df1cfbe5d098ea90dc",
  "is_proximity_active": "0"
},{
  "timestamp": 35.726429,
  "timestamp_epoch": 1707856089.071316,
  "event": "oculus_pc_airlink_register_service_advert_start",
  "pid": "0",
  "service_name": "3f0e9e1837043d8e3739f5deda899749ebaa0144aaa883cf240e1a769553e8b0",
  "machine_tags": "",
  "machine_id": "85d4144bbf729989a182a511cc10c0e06c70d71663a971df1cfbe5d098ea90dc",
  "is_proximity_active": "0"
},{
  "timestamp": 35.726453,
  "timestamp_epoch": 1707856089.071338,
  "event": "oculus_pc_airlink_register_service_advert_end",
  "pid": "0",
  "service_name": "365f54266c0974156031ced7a763139ba688899a0027f1beefa593f70177a33f",
  "machine_tags": "",
  "machine_id": "85d4144bbf729989a182a511cc10c0e06c70d71663a971df1cfbe5d098ea90dc",
  "is_proximity_active": "0"
},{
  "timestamp": 35.726474,
  "timestamp_epoch": 1707856089.071361,
  "event": "oculus_pc_airlink_advertisement_start",
  "pid": "0",
  "service_name": "3f0e9e1837043d8e3739f5deda899749ebaa0144aaa883cf240e1a769553e8b0",
  "machine_tags": "",
  "machine_id": "85d4144bbf729989a182a511cc10c0e06c70d71663a971df1cfbe5d098ea90dc",
  "is_proximity_active": "0"
},{
  "timestamp": 35.726495,
  "timestamp_epoch": 1707856089.071382,
  "event": "oculus_pc_airlink_register_service_advert_start",
  "pid": "0",
  "service_name": "3f0e9e1837043d8e3739f5deda899749ebaa0144aaa883cf240e1a769553e8b0",
  "machine_tags": "",
  "machine_id": "85d4144bbf729989a182a511cc10c0e06c70d71663a971df1cfbe5d098ea90dc",
  "is_proximity_active": "0"
},{
  "timestamp": 35.726518,
  "timestamp_epoch": 1707856089.071405,
  "event": "oculus_pc_airlink_register_service_advert_end",
  "pid": "0",
  "service_name": "4a3069dffc0eef69af8271b455b37cc4183718b419a5fe1b2a74cc3d53b6fd5c",
  "machine_tags": "",
  "machine_id": "85d4144bbf729989a182a511cc10c0e06c70d71663a971df1cfbe5d098ea90dc",
  "is_proximity_active": "0"
},{
  "timestamp": 600.895963,
  "timestamp_epoch": 1707856654.240842,
  "event": "oculus_gamepad_stats",
  "pid": "0",
  "count": "0",
  "pressed": "0",
  "machine_tags": "",
  "machine_id": "85d4144bbf729989a182a511cc10c0e06c70d71663a971df1cfbe5d098ea90dc",
  "is_proximity_active": "0"
},{
  "timestamp": 1200.666106,
  "timestamp_epoch": 1707857254.010985,
  "event": "oculus_gamepad_stats",
  "pid": "0",
  "count": "0",
  "pressed": "0",
  "machine_tags": "",
  "machine_id": "85d4144bbf729989a182a511cc10c0e06c70d71663a971df1cfbe5d098ea90dc",
  "is_proximity_active": "0"
},{
  "timestamp": 1800.884629,
  "timestamp_epoch": 1707857854.229509,
  "event": "oculus_gamepad_stats",
  "pid": "0",
  "count": "0",
  "pressed": "0",
  "machine_tags": "",
  "machine_id": "85d4144bbf729989a182a511cc10c0e06c70d71663a971df1cfbe5d098ea90dc",
  "is_proximity_active": "0"
},{
  "timestamp": 2402.001771,
  "timestamp_epoch": 1707858455.346646,
  "event": "oculus_gamepad_stats",
  "pid": "0",
  "count": "0",
  "pressed": "0",
  "machine_tags": "",
  "machine_id": "85d4144bbf729989a182a511cc10c0e06c70d71663a971df1cfbe5d098ea90dc",
  "is_proximity_active": "0"
},{
  "timestamp": 3002.031632,
  "timestamp_epoch": 1707859055.376510,
  "event": "oculus_gamepad_stats",
  "pid": "0",
  "count": "0",
  "pressed": "0",
  "machine_tags": "",
  "machine_id": "85d4144bbf729989a182a511cc10c0e06c70d71663a971df1cfbe5d098ea90dc",
  "is_proximity_active": "0"
},{
  "timestamp": 3602.685756,
  "timestamp_epoch": 1707859656.030633,
  "event": "oculus_gamepad_stats",
  "pid": "0",
  "count": "0",
  "pressed": "0",
  "machine_tags": "",
  "machine_id": "85d4144bbf729989a182a511cc10c0e06c70d71663a971df1cfbe5d098ea90dc",
  "is_proximity_active": "0"
},{
  "timestamp": 4202.763604,
  "timestamp_epoch": 1707860256.108482,
  "event": "oculus_gamepad_stats",
  "pid": "0",
  "count": "0",
  "pressed": "0",
  "machine_tags": "",
  "machine_id": "85d4144bbf729989a182a511cc10c0e06c70d71663a971df1cfbe5d098ea90dc",
  "is_proximity_active": "0"
},{
  "timestamp": 4803.174605,
  "timestamp_epoch": 1707860856.519484,
  "event": "oculus_gamepad_stats",
  "pid": "0",
  "count": "0",
  "pressed": "0",
  "machine_tags": "",
  "machine_id": "85d4144bbf729989a182a511cc10c0e06c70d71663a971df1cfbe5d098ea90dc",
  "is_proximity_active": "0"
},{
  "timestamp": 5403.565690,
  "timestamp_epoch": 1707861456.910570,
  "event": "oculus_gamepad_stats",
  "pid": "0",
  "count": "0",
  "pressed": "0",
  "machine_tags": "",
  "machine_id": "85d4144bbf729989a182a511cc10c0e06c70d71663a971df1cfbe5d098ea90dc",
  "is_proximity_active": "0"
},{
  "timestamp": 6004.180112,
  "timestamp_epoch": 1707862057.524992,
  "event": "oculus_gamepad_stats",
  "pid": "0",
  "count": "0",
  "pressed": "0",
  "machine_tags": "",
  "machine_id": "85d4144bbf729989a182a511cc10c0e06c70d71663a971df1cfbe5d098ea90dc",
  "is_proximity_active": "0"
},{
  "timestamp": 6605.241237,
  "timestamp_epoch": 1707862658.586102,
  "event": "oculus_gamepad_stats",
  "pid": "0",
  "count": "0",
  "pressed": "0",
  "machine_tags": "",
  "machine_id": "85d4144bbf729989a182a511cc10c0e06c70d71663a971df1cfbe5d098ea90dc",
  "is_proximity_active": "0"
},{
  "timestamp": 7205.894365,
  "timestamp_epoch": 1707863259.239245,
  "event": "oculus_gamepad_stats",
  "pid": "0",
  "count": "0",
  "pressed": "0",
  "machine_tags": "",
  "machine_id": "85d4144bbf729989a182a511cc10c0e06c70d71663a971df1cfbe5d098ea90dc",
  "is_proximity_active": "0"
},{
  "timestamp": 7805.845856,
  "timestamp_epoch": 1707863859.190737,
  "event": "oculus_gamepad_stats",
  "pid": "0",
  "count": "0",
  "pressed": "0",
  "machine_tags": "",
  "machine_id": "85d4144bbf729989a182a511cc10c0e06c70d71663a971df1cfbe5d098ea90dc",
  "is_proximity_active": "0"
},{
  "timestamp": 8406.234213,
  "timestamp_epoch": 1707864459.579094,
  "event": "oculus_gamepad_stats",
  "pid": "0",
  "count": "0",
  "pressed": "0",
  "machine_tags": "",
  "machine_id": "85d4144bbf729989a182a511cc10c0e06c70d71663a971df1cfbe5d098ea90dc",
  "is_proximity_active": "0"
},{
  "timestamp": 9006.422176,
  "timestamp_epoch": 1707865059.767056,
  "event": "oculus_gamepad_stats",
  "pid": "0",
  "count": "0",
  "pressed": "0",
  "machine_tags": "",
  "machine_id": "85d4144bbf729989a182a511cc10c0e06c70d71663a971df1cfbe5d098ea90dc",
  "is_proximity_active": "0"
},{
  "timestamp": 9606.262292,
  "timestamp_epoch": 1707865659.607162,
  "event": "oculus_gamepad_stats",
  "pid": "0",
  "count": "0",
  "pressed": "0",
  "machine_tags": "",
  "machine_id": "85d4144bbf729989a182a511cc10c0e06c70d71663a971df1cfbe5d098ea90dc",
  "is_proximity_active": "0"
},{
  "timestamp": 10206.473918,
  "timestamp_epoch": 1707866259.818793,
  "event": "oculus_gamepad_stats",
  "pid": "0",
  "count": "0",
  "pressed": "0",
  "machine_tags": "",
  "machine_id": "85d4144bbf729989a182a511cc10c0e06c70d71663a971df1cfbe5d098ea90dc",
  "is_proximity_active": "0"
},{
  "timestamp": 10807.016556,
  "timestamp_epoch": 1707866860.361432,
  "event": "oculus_gamepad_stats",
  "pid": "0",
  "count": "0",
  "pressed": "0",
  "machine_tags": "",
  "machine_id": "85d4144bbf729989a182a511cc10c0e06c70d71663a971df1cfbe5d098ea90dc",
  "is_proximity_active": "0"
},{
  "timestamp": 11407.313918,
  "timestamp_epoch": 1707867460.658798,
  "event": "oculus_gamepad_stats",
  "pid": "0",
  "count": "0",
  "pressed": "0",
  "machine_tags": "",
  "machine_id": "85d4144bbf729989a182a511cc10c0e06c70d71663a971df1cfbe5d098ea90dc",
  "is_proximity_active": "0"
},{
  "timestamp": 12007.517248,
  "timestamp_epoch": 1707868060.862128,
  "event": "oculus_gamepad_stats",
  "pid": "0",
  "count": "0",
  "pressed": "0",
  "machine_tags": "",
  "machine_id": "85d4144bbf729989a182a511cc10c0e06c70d71663a971df1cfbe5d098ea90dc",
  "is_proximity_active": "0"
},{
  "timestamp": 12607.357680,
  "timestamp_epoch": 1707868660.702560,
  "event": "oculus_gamepad_stats",
  "pid": "0",
  "count": "0",
  "pressed": "0",
  "machine_tags": "",
  "machine_id": "85d4144bbf729989a182a511cc10c0e06c70d71663a971df1cfbe5d098ea90dc",
  "is_proximity_active": "0"
},{
  "timestamp": 13208.261856,
  "timestamp_epoch": 1707869261.606737,
  "event": "oculus_gamepad_stats",
  "pid": "0",
  "count": "0",
  "pressed": "0",
  "machine_tags": "",
  "machine_id": "85d4144bbf729989a182a511cc10c0e06c70d71663a971df1cfbe5d098ea90dc",
  "is_proximity_active": "0"
},{
  "timestamp": 13808.587194,
  "timestamp_epoch": 1707869861.932069,
  "event": "oculus_gamepad_stats",
  "pid": "0",
  "count": "0",
  "pressed": "0",
  "machine_tags": "",
  "machine_id": "85d4144bbf729989a182a511cc10c0e06c70d71663a971df1cfbe5d098ea90dc",
  "is_proximity_active": "0"
},{
  "timestamp": 14408.671255,
  "timestamp_epoch": 1707870462.016133,
  "event": "oculus_gamepad_stats",
  "pid": "0",
  "count": "0",
  "pressed": "0",
  "machine_tags": "",
  "machine_id": "85d4144bbf729989a182a511cc10c0e06c70d71663a971df1cfbe5d098ea90dc",
  "is_proximity_active": "0"
},{
  "timestamp": 15009.778389,
  "timestamp_epoch": 1707871063.123267,
  "event": "oculus_gamepad_stats",
  "pid": "0",
  "count": "0",
  "pressed": "0",
  "machine_tags": "",
  "machine_id": "85d4144bbf729989a182a511cc10c0e06c70d71663a971df1cfbe5d098ea90dc",
  "is_proximity_active": "0"
},{
  "timestamp": 15609.997244,
  "timestamp_epoch": 1707871663.342106,
  "event": "oculus_gamepad_stats",
  "pid": "0",
  "count": "0",
  "pressed": "0",
  "machine_tags": "",
  "machine_id": "85d4144bbf729989a182a511cc10c0e06c70d71663a971df1cfbe5d098ea90dc",
  "is_proximity_active": "0"
}