{"devices":[{"batteryState":95,"configurationState":"configured","connectionState":"connected","firmware":{"latestVersion":"182304332","updateProgress":-1.0,"updateState":"initial","version":"566160932","versionState":"latest"},"guardianSupportMode":"on_client","headsetOSBuild":50765700054900150,"headsetOSUpdateRecommended":false,"headsetRequiresNewerService":false,"headsetSupportsFirmwareUpgrade":false,"iad":0.068230152130126953,"id":"1WMHHA69BB1426","isUsingAirLink":false,"lastPrimaryAt":1707912481,"lastSeenAt":1707912481,"mixedRealityCaptureSupport":"impossible","operationalState":"operable","passthroughSupportType":"on_client","powerState":"active","primaryState":"primary","problems":[{"error":"remoteRenderingTerminatedFlakyCable","sdkErrorCode":-4503,"sdkMessage":"Flaky cable","severity":"warning","type":"hardware"}],"serialNumber":"1WMHHA69BB1426","subtype":"quest2","supportsOculusLink":true,"trackingType":"inside_out","type":"headset","xrsClientBuild":566160932},{"batteryState":"unknown","configurationState":"notConfigured","connectionState":"disconnected","firmware":{"latestVersion":"","updateProgress":-1.0,"updateState":"initial","version":"","versionState":"unknown"},"guardianSupportMode":"unknown","headsetOSBuild":0,"headsetOSUpdateRecommended":false,"headsetRequiresNewerService":false,"headsetSupportsFirmwareUpgrade":false,"id":"XBox","isUsingAirLink":false,"lastSeenAt":0,"operationalState":"inoperable","passthroughSupportType":"unknown","powerState":"off","primaryState":"unknown","problems":[],"serialNumber":"XBox","subtype":"xbox","trackingType":"unknown","type":"controller","xrsClientBuild":0},{"batteryState":60,"configurationState":"notConfigured","connectionState":"connected","firmware":{"latestVersion":"","updateProgress":-1.0,"updateState":"initial","version":"","versionState":"unknown"},"guardianSupportMode":"unknown","headsetOSBuild":0,"headsetOSUpdateRecommended":false,"headsetRequiresNewerService":false,"headsetSupportsFirmwareUpgrade":false,"id":"REMOTELTOUCH0","isUsingAirLink":false,"lastSeenAt":1707912481,"operationalState":"operable","pairedTo":"1WMHHA69BB1426","passthroughSupportType":"unknown","powerState":"active","primaryState":"unknown","problems":[],"serialNumber":"REMOTELTOUCH0","subtype":"ljedi","trackingType":"outside_in","type":"controller","xrsClientBuild":0},{"batteryState":60,"configurationState":"notConfigured","connectionState":"connected","firmware":{"latestVersion":"","updateProgress":-1.0,"updateState":"initial","version":"","versionState":"unknown"},"guardianSupportMode":"unknown","headsetOSBuild":0,"headsetOSUpdateRecommended":false,"headsetRequiresNewerService":false,"headsetSupportsFirmwareUpgrade":false,"id":"REMOTERTOUCH0","isUsingAirLink":false,"lastSeenAt":1707912481,"operationalState":"operable","pairedTo":"1WMHHA69BB1426","passthroughSupportType":"unknown","powerState":"active","primaryState":"unknown","problems":[],"serialNumber":"REMOTERTOUCH0","subtype":"rjedi","trackingType":"outside_in","type":"controller","xrsClientBuild":0}]}
